AANKQKQELDEISTNIRQAG	1
AAPAEGEKPAEEEKPITEAA	1
AARLFKAFILDG	1
AAWGGSGSEAYQGVQQKWDA	1
ACNTIGGYECGGGS	1
ADVVLIASIDHIT	1
AEEEKPITEAAETATTEVPV	1
AEERADIAESQVNKLRAK	1
AEVDCSRFPNATDK	1
AEVSYVHVNGAK	1
AFFLDLILLIIALYLQQNWW	1
AFILDGDNLFPKVAPQAISSV	1
AGELQIIDKIDAAFKVAA	1
AGLLGVVSTVLLGGV	1
AGSKLCEKTSKT	1
AHPADPGSRPHLIRLFSRDA	1
AIARFIARKHNMMG	1
AKFVAAWTLKAAA	1
AKGVSLVAVKVLDCDGSGSN	1
AKQYNICCKFKELLD	1
AKSTWYGKPTGAGPKDNGGA	1
ALLVLYSFALMLIIIILIIF	1
ALNARGVLLLSTRDLAFAGA	1
ALSTLVVNKIRGTFK	1
ALTGGMELTRDPTVP	1
AMKRHGLDNYRGYSL	1
APAEPEAPAPETEKAEEVEK	1
APEADQTTPEEKPAEPEPVA	1
APMSTPSATSVR	1
AQAAVVRFQEAANKQKQELD	1
ARRRLLVLDAVALERWPRDG	1
ARSALILRGSVAHKSCLPACVYGP	1
ASDVETAEGGEIHELLRLQ	1
ASEQETADATPEKEEPTAAP	1
ASINKFVVLISATLVLSFAI	1
ASVPAADKFKTFEAAFTSSSK	1
ATALPKNETPEVTKAEETKT	1
ATDKEGKDVLVCNK	1
AVFEAALTKAITAMS	1
AVLTGYSLFQKEKMVLNEGTS	1
AVVESNGTLTLSHFGKC	1
CDKKCIEWEKAQ	1
CGKYLFNWAVRTKLKLTPIA	1
CGSSDLYLVTRHADVIPV	1
CLLCAYSIEFGTNISK	1
CLLVLGIWIYLLEMLWRLGA	1
CWVAMTPTVATREGKLPATQLRRHI	1
DAATAQTLQAFLHWAITDGN	1
DALESIMTTKSVSFR	1
DANWDQNRMKLADCAVGFGS	1
DDQPRPRGDNFAVEKPEENI	1
DEEFNKKMQEQNAKFFADKP	1
DERGTPEYNIALGQR	1
DEYYIIEKMIGQVE	1
DFVRAAGVYAVD	1
DGNCEDIPHVNEFSAIDL	1
DHAREVKEKKRIMNDKKLIR	1
DHTNFKYNYSVIEGGPIG	1
DIELLKKILAGGFIQKYDSVMQ	1
DIPEQKPNIPEDSEKEVPSD	1
DKFKIFEAAFSES	1
DRVDEVDHTNFK	1
DSDKNPLFLDEQLIRAEFQR	1
DSFVASLTEALRVIA	1
DTPYLDITYHFVMQRLPL	1
DWTGGALLVLYSFALMLIII	1
DYSNTHSTRYV	1
EAIQPGCIGGPK	1
ECKETVPMNCSSYA	1
EDLTLNDLETDVCTMDKCAG	1
EENVEENVEENVEENV	1
EEQTQQIRLQAEIFQAR	1
EGKQSLTKLAAAWGGSGSEA	1
EHYDKFERMIKEHTEKFNKK	1
EIRLKVFVLGGCRHK	1
EKIEKTEEPAPEADQTTPEE	1
EKPKFEAYKAAAAPA	1
EKVDNLGRSGGDIIK	1
ELEKYQKLNSERGVPN	1
ELIHVLHGLYGMQVSS	1
ELQKKIYVIEGTSKQDLTSF	1
ENGDVKFDLIPKENTERSHK	1
ENSYEKSMSVV	1
EPMIGVNQELAYFYPELF	1
EQNVRSAGELELQFRRVKCK	1
ERNTTIPTKRSETFTTADDN	1
ERQGVVGLFQPGLVG	1
ERRAKEKLQEQQRDLEQRKADTKK	1
ESKHGLTNTASHTRLSCD	1
ESWGAVWRIDTPDKLTGPFT	1
ETMTPSGLVIPENAK	1
ETTMRSPVFTDNSSPPAV	1
EVKAEQVKASKE	1
EVKYTVFETALK	1
EYLNKIQNSLSTEWSPCSVT	1
FAAQKAKANKAVD	1
FADKPDESTLSPEMKEHYDK	1
FDTGAFDPDWPA	1
FGAMAKKGDEQK	1
FGAQFITWRGIPLI	1
FIPVENLETTMRSPVFTD	1
FISEAIIHVLHSR	1
FKHKFAELLEQQKAAQYPSK	1
FNNFTVSFWLRVPKVSASHLE	1
FQVAHLHAPTGSGKSTKV	1
FTTKVIGKDSRDFDISPKV	1
FVDGKEVTSKPANKVS	1
FYPELFRQFYQLDAYPSG	1
GAGDENIEDRGMLATV	1
GAKPSECISIAWSADGNTLYS	1
GALEVHAVKPVT	1
GAPLGGAARALAHGVRVLED	1
GATRDRPLWIIFSGNMNIKL	1
GATRERSLWIIFSKNLNIKL	1
GAVQNEVTLTHPITKYIM	1
GAYMSKAHGVDPNIRTGV	1
GCIITSLTGRDKNQVEGE	1
GDLLLKLNNYRYNKD	1
GEGAVQWMNRLIAFASRGNHV	1
GFPFKYVKDRVD	1
GGGYITCPPYVEVCQ	1
GHAFGAMAKKGD	1
GIGTVLDQAETAGARLVV	1
GIQYLAGLSTLPGNPAIASL	1
GKESCFCYFDCS	1
GLLAEITPDKAFQDK	1
GLNGPDIYKGVYQFKSVEFD	1
GNAEKYDKMDEPQHYGKS	1
GQWRGAAGTAAQAAVVRFQE	1
GRTGRGKPGIYRFVAPGE	1
GRTILKENIKYEVAIFVH	1
GSENKRTGALGNLKN	1
GTDGVTYTNDCLLC	1
GTNISKEHDGECKE	1
GTNLTHQDNVPSWGLARVGS	1
GTVGGTKYGLAKGVSLVAVK	1
GVFNYETETTSVIPAA	1
GYYRRATRRVRGGDG	1
GYYYPSDPNTFYAPPYS	1
HGRQIRMAKLLGRDPE	1
IAVGLLLYCKA	1
ICDECHSTDATSISGIGT	1
ICFSPSLEHPIVVSGSWD	1
ICKINVAVNIEPQTY	1
IDIDLCDICTNTMDV	1
IDYFDARLLPGVFTV	1
IEAAASAIQGNVTSIHSLLD	1
IINNYYMQQYQNSMDTQLGD	1
IKEEFVKIVQKRGIVK	1
IKKMLADQTVEEHIG	1
IKPGSANKPKDELDYENDIE	1
ILIIFIFRRDLLCPLGALCI	1
ILQQQLIPCMDVVLQQHNIA	1
IMDINKRKYDSLK	1
IMILVVAAKEVWGDEQA	1
INGRWIILLSKFLK	1
IPSLEAAVKQAYAATVAAAPQ	1
IRLHSDASKNKEKALIIIKS	1
ITREEKPAVTAAPKK	1
IVGYIMHGISTINTEMK	1
KAERADLIAYLKQATAK	1
KCIEWEKAQHGA	1
KDAGISVSEIDHVVLV	1
KENALSLLDKIYTSPL	1
KFDSKKPKEDPGPARVIYTY	1
KFNKKMHEHSEHFKHKFAEL	1
KGGRKPARLIVFPDLGVRVC	1
KGKDKWIELKESWGAVWRID	1
KGQPSKPFVGVLSAG	1
KHLLATSPKLAKYLS	1
KIYNRNIVNRLLGD	1
KIYVGRAYVRDLTPDE	1
KKICKMEKCSSVFNV	1
KLCPNNLCCSQWGWCGSTDE	1
KLEEKFPQVAATGDG	1
KLQKTYSQYKVQYDM	1
KMPMYIAGYKTFDGRGAQVY	1
KMQAMKLEKDNAMDR	1
KNESKYSNTFINNAYNMSIRRSM	1
KPLVIIAEDVDGEALSTLVLN	1
KPQEEKEKITKEILNGK	1
KPTLHGPTPLLYRLGAVQ	1
KQVTIRIGCKTS	1
KRHDGGCRKELAAV	1
KRVFCAAVGRLAA	1
KSKYKLATSVLAGLL	1
KSMKVTVAFNQFGPNAGQRM	1
KYKIAGGIAGGLALL	1
LAQEAGNFERISGDLKTQID	1
LDNIKDNVGKMEDYIKKNKT	1
LDVAEGDTVIYSKYG	1
LEDARRLKAIYEKKK	1
LEKDNAMDRADTLEQ	1
LEYYLREKAKMAGTLIIPES	1
LFAAFPSFAGLRPTFDTRLM	1
LFDYNEKVDNLGRSG	1
LGHDDAYSDDKSMKVTVAFN	1
LIKGRTPIKFGKADCDRPPK	1
LINIDKIYIKNKHKF	1
LIYDAAVEGDLLLKL	1
LLFWLYIVMSDWTGGALLVL	1
LLLMITLLLIALWNLHGQAL	1
LLSCLTIPASA	1
LLWLLLFLAILIWMYYHGQR	1
LNWVPVEAGVYRVNR	1
LPVVLENARILKNCVDAK	1
LQVIEKVDAAFK	1
LSFLPSDFFPSVRDL	1
LSGTSMASPHVCGLGAYLIG	1
LSIYEAIKGVDGLDA	1
LSPRIRKVGDIEFHACSDYI	1
LSSSLGLALLLLLLALLFWL	1
LSSVVVDPSIRHFDV	1
LTAELKIYSVIQAEINKHL	1
LTMSNVKNVSQTNFKSLLRNLGVS	1
LTMTASHTRLSCDCDDKFYD	1
LVNLLIFHINGKIIKNS	1
LVNYEMKLLHKVGS	1
LVVFSDPNADAATSV	1
LYAEERYPILPEYLQCVK	1
LYLKRKLIYDAAVEG	1
LYQAQYDLSIYNKQLEEAH	1
LYQAQYNLFIYNKQLQEAH	1
LYVFVVYFNGHVEAV	1
MASVEVESAATALPKNETPE	1
MATTYEEFAAKLDRLDEEFN	1
MDAIKKKMQAMKLEK	1
MDRADTLEQQNKEAN	1
MEAVGAYDVIVNGDK	1
MGETLLRAVESYLLAHSD	1
MLMRTDPFRELDRFAEQVLG	1
MMERVVEQMCITQY	1
MNAWVAWRNRCKGTDV	1
MNYYGKQENWYSLKK	1
MPFHNIHPLTIG	1
MQTLWDEIMDINKRK	1
MRKLAILSVSSFLFV	1
MSESLAIARFIARK	1
MSTNPKPQRKTKRNTNRRPQ	1
MTEQQWNFAGIEAAASAIQG	1
NAGFKAALAGAGVQPADKY	1
NDKSDRNIPYSPLPPKVLDN	1
NENIKELLDKINEI	1
NENIKKLLEDIDKI	1
NENLDDLDEGIEKSSEELSEEKI	1
NERAKSPAAMTAEDE	1
NGSAAPQLTKNAGVLTCILS	1
NHLYETPISATAMVI	1
NKWEDKRLLYSQA	1
NLARTISEAGQAMASTEGNV	1
NMYAMMIARFKMFPEVKEKG	1
NPNEPSNPNEPSNPNEPS	1
NQELAYFYPELFRQFYQL	1
NVTSIHSLLDEGKQSLTKLA	1
NVVKTVVTPVYY	1
PAAYAAQGYKVLVLNPSVAA	1
PDTAKEKPQEGTVVA	1
PEVTKAEETKTEEPAAPPAS	1
PGKYTAYEGQRVVFIQ	1
PGTIKKISFPEGFPFKYV	1
PINGWAVYSKDNSIRIGSKG	1
PITKYIMTCMSADLEVVT	1
PIYGKTISTPSDYM	1
PKENTERSHKLINPWEKFME	1
PKLAKYLSERHATAF	1
PLKMLNIPSINVHHY	1
PPKTWEEIPALDKEL	1
PPNPPNPPNPDIPEQEPNIP	1
PQAISSVENIEGNG	1
PRGPPLSSSLGLALLLLLLA	1
PSDKHIEKYLNKIQNSLSTEWS	1
PTFTIETTTLPQDAVSRT	1
PTYLRSISVRNKDLN	1
PYILLVSSKVSTVKD	1
QESLLKANIQLVEKD	1
QLVKDKNIDISIKYDPRKDSE	1
QMCITQYERESQAY	1
QQEVDYIIDHVDQHN	1
QRASEAHASLLPFNV	1
QSMYENYIVPEDKREMWMAC	1
QTLIAIHTLAIRYAN	1
QVESTAGSLQGQWRGAAGTA	1
QVYQGEREIASH	1
RAPRKTSERSQPRGRRQPIPKARR	1
RDGQLTIKAERTEQKDFDGR	1
RHNWVNHAVPLAMKLI	1
RLFEPFQGLFEIPSY	1
RNNHPQNTSDSQKECTDGNK	1
RQFYQLDAYPSGAWYYVP	1
RRGPRLGVRATRKTSERSQPRGRRQ	1
RRVNAANKKPEDLTLNDLET	1
RSLTPCTCGSSDLYLVTR	1
RSRNEALRVKKKMEGDLN	1
SAGKVSSTLASELG	1
SASVRIRYKKMKVFCPRP	1
SAYLAHRNQSLDLAEQELVDCAS	1
SCFEIKCTKPESCSGEAVTV	1
SEFAYGSFVRTVSLPVGADE	1
SELLSLINDMPITNDQKKLMSNNV	1
SHLECRTFFLTQGALLNDKH	1
SHNFTLVASVIIEEA	1
SIAWSADGNTLYSGHKDNLIR	1
SIEYILKDLIIKDPN	1
SKDQIKKLTSLKNKLERRQN	1
SLKLMATLFSTYASAD	1
SLKMADPNRFRGKDLP	1
SLRWIFKHVAKTHLK	1
SQWGWCGSTDEYCSPDHNCQ	1
STIASGIIIEKYNV	1
SVELIDIGGNRRIFGFNALVD	1
SVIPAARLFKAF	1
SYPHWFTNGYDGNGKLIKGR	1
SYSYNKDNNELSHFA	1
SYVLEGTLTAEKTTLVVKEG	1
TAADTPTAESISPSPPC	1
TAVYFSEKYNDV	1
TDVTFLKRHFHMDYG	1
TGSQDFFVRSIG	1
TLDISNNRLESLPAH	1
TMPVYNRQVLTKKQR	1
TNLTDALLQVRKHLNDRINR	1
TPAETTVRLRAYMNTPGLPV	1
TPLLYRLGAVQNEVTLTH	1
TTCSDKSRPLNDLVS	1
TVAEEHVEEPTVAEE	1
TVTRGTISDPQRAKEALDKY	1
TVYVRPIIEDYHTLT	1
VDPMDEPTLLYVLFE	1
VDVSEGDIVIYSKYG	1
VGGVYLLPRRGPRLGVRATR	1
VGKMYFMLIDTKCYK	1
VIEGGPIGDTLE	1
VIKGGRHLIFCHSKKKCD	1
VIQTYTNVDQDLVGWPAP	1
VIVFLIFFDLFLVNGRDVQN	1
VKLYRKLKREITFHGAKEIS	1
VKYAVFEAALTKA	1
VLGGGVALLRVIPALDSLTPANED	1
VLVMLVLLILAYRRRWRRLTV	1
VMHFSLTADRGGELKIYSVIQA	1
VNGENLVGDDVVLAT	1
VNNTDTNFHSDITFR	1
VPKNPEDDREENFDIPKKPE	1
VQNRFNSAITNLGNT	1
VQYSRADEEQQQALSSQMGF	1
VRHRIKEHMLKKYTQTEEKF	1
VRVDMVRHRIKEHMLKKYTQ	1
VSFGVWIRTPPA	1
VSIRRYVRKNQNRYNYFLIE	1
VSQIFPDSVMLAVQE	1
VTHESYQELVKKLEALEDAV	1
VTPVYYIPLEAV	1
VYYIPLEAVKFV	1
WDEDGEKRIPLDVAE	1
WPAPQGSRSLTPCTCGSS	1
YAVITWRALNKL	1
YAYVAREQSCR	1
YDSLKEKLQKTYSQY	1
YFVGKMYFNLID	1
YHGQRHSDEHHHDDSLPHPQ	1
YIIDTGIDIDHEDFQGRAKW	1
YIVMSDWTGGALLVLYSFAL	1
YLKGSSGGPLLCPTGHAV	1
YLLFCMENSAE	1
YNNNEAFKVENGSAAPQLTK	1
YQEGVLKLSIPVAERAKPRK	1
YQGVQQKWDATATELNNALQ	1
YSFALMLIIIILIIFIFRRD	1
YVQILDAHAAYLNAT	1
KSDNQIKAVPASQAL	1
IGYSGTGEGNHIENDPLKIK	1
KFGADARALMLQGVDLLADA	1
ADFKKNNNFVGIADLSTD	1
AISVTMDNILSGFENEYD	1
AKYKDDLESIKKVIKEEK	1
AVTPSVIDNILSKIENEY	1
DDTKKDMLGKLLSTGLVQ	1
DVLGYYKILSEKYKSDLD	1
EAHVKITKLSDLKAIDDK	1
EKFPSSPPTTPPSPAKTD	1
ENDIKFAQEGISYYEKVL	1
EQKKESKFLPFLTNIETL	1
EVLYLKPLAGVYRSLKKQ	1
FLSTGMVFENLAKTVLSN	1
GISYYEKVLAKYKDDLES	1
GVYRSLKKQLENNVMTFN	1
IDLFKNPYDFEAIKKLIN	1
IEDSFKLLNSEQKNTLLK	1
KHISSNEYIIEDSFKLLN	1
LENNVMTFNVNVKDILNS	1
LSGFENEYDVIYLKPLAG	1
NKEKRDKFLSSYNYIKDS	1
NLAKTVLSNLLDGNLQG	1
QGENEKYLPFLNNIETLY	1
RFNKRENFKNVLESDLIP	1
SEQKNTLLKSYKYIKESV	1
SIKKYINDKQGENEKYLP	1
SSYNYIKDSIDTDINFAN	1
SYKYIKESVENDIKFAQE	1
VEVKIKELNYLKTIQDKL	1
VVKDPYKFLNKEKRDKFL	1
YLKTIQDKLADFKKNNNF	1
YNHNNLLTKFLSTGMVFE	1
CKDDINSYECWCPFG	1
GVLIFGKQGSEKTNV	1
LEPLGLVEEGAKTAP	1
YTKVSRYVNWIEKEKT	1
RVLDGLVMTTISSSKDC	1
GALMLPHFNSKAMVI	1
NEGVIVKVSKEHVEE	1
QVEKLIKNQKESHFV	1
ISVKNAEKVQTAGIVTPYDI	1
NQNLRVAKISMPVNT	1
RCTKLEYDPRCVYDP	1
RDYVSELPTEVQKLKEKCDG	1
VLASVSATHAKSSPY	1
DAFSLDVSEKSGN	1
LEAAFNAEFNEIRRVLLEEN	1
QRSRQFQNLQNHRIVQIEAK	1
SWFITQRNFFSPQII	1
CFWYIPPSLRTLEDN	1
FKADEKKFWGKYLYEIAR	1
SRLSKVAPVIKARMMEYGTT	1
EDLQVGQVELGGGPGA	1
FFYTPMSRREVED	1
KKGAAALGIGTDSVI	1
NPVEIRRGVMLAVDAVIAEL	1
VPPSLRTLEDNEERMSRLSK	1
YVVKSFDRSTKVIDFHYPNE	1
AQVATISANGDKDIGN	1
DYEYLINVIHAFQYV	1
KKISSVQSIVPALEIA	1
LVEALYLVCGERGFFYT	1
TYEIAPVFVLLFYVTLKKMR	1
CLELAEYLYNI	1
GIVEQCCTSICSLYQ	1
LCGSHLVEALYLVCGER	1
YEMVFDGKPQHTNVCFWYIP	1
YGAFDPLLAVADICKKYKIW	1
AALGIGTDSVILIKCDERGK	1
EYVTLKKMREIIGWPGGSGD	1
GMAALPRLIAFTSEHSHFSL	1
GSLQPLALEGSLQKRGIV	1
HTPGVHMASLSVYLKTNVFL	1
LYHVYEVNLVSEHIWCEDFL	1
SEHIWCEDFLVRSFYLKNVQ	1
WYVMVTAALSYTISRMEESSVTL	1
SHLVEALALVAGERG	1
TGHMILAYMEDHLRNRDR	1
AYSDDKSMKVTVAFNQFGPN	1
DVFYNGAYFVSSGKYEGGNIY	1
FAEDVGSNKGAIIGL	1
GAIIGLMVGGVVIA	1
ILSEGNSFTAPNESYKKQVTI	1
KLVFFAEDVGSNKGA	1
NVIIHGLYLYGCSTSVLG	1
STSVLGNVLINESFGVE	1
VFIKRVSNVIIHGLYLYG	1
KPTQAFVKQHLCGPHL	1
CVDTRSGNCYLDIRP	1
HCLGKWLGHPDKFVGI	1
IWYINCFGCETHAML	1
LSGLPSGGEVLEISV	1
QKRAAYDQYGHAAFE	1
ATEGQVRVNSIYQDK	1
ATEGRVRVNSAYQDK	1
GEPGIAGFKGAQGPKGEPGPA	1
LKRRIMPEDIIINCS	1
NTYKHRLQKRTMRPT	1
EYGTTMVSYQPLGDK	1
GNQWVGYDDQESVKSK	1
NFGSQRFSKIASNTQS	1
KTTICGKGLSATVT	1
LNSKIAFKIVSQEPA	1
VNNLARTTPDRQAAC	1
AVGADESVVKEAHREVINS	1
ENPKKYIPGTK	1
GLFGRKTGSVA	1
GPPGPAGPAGERGEQ	1
GRSFTLASSETGVGA	1
IINPSENGDTSTNGIKK	1
LKAGEGNKIGPE	1
LKKPKDRNDLI	1
RNDLITFLEQETK	1
TDANKQKGIEWNHDT	1
VAGYSYTDANK	1
AMKKIQDCYVENGLISRVLD	1
AVLLVPANKKFFVNNLVFRG	1
EICPAVKRDVDLFLTGTPDE	1
EKLIETYFSKNYQDYEYLINVI	1
GRLIPTCKNLRPGPSPKEFE	1
HGTSATAAAIQLMCSDSVPC	1
IGTGDDCIAIGTGSSNITIK	1
KDCMGEAVQNTVEDLKLNTL	1
KLTSGKPASCVDKNARGFYS	1
LEDLLMGTLGIVCPICSQKP	1
LKNCVDAKMTEEDKENALSV	1
LMNSPEFHLVFGECEGVKIQ	1
NELLLDLSLTKVNATEPERT	1
SKSVTVKELTLMNSPEFHLV	1
VDKNARGFYSGRLIPTCKNL	1
VKMAETCPIFYDVFFAVANG	1
VNGRTVCNDRNRPTAIKIDY	1
YDVFFAVANGNELLLDLSLT	1
HSLGKLLGRPDKF	1
CLRCQKPLNPAEKLR	1
GLYNLLIRCLRCQKP	1
GRRITTRRIMENGQE	1
LFVVYRDSIPHAACH	1
PGMVQQIQSVCMECQ	1
SGPFFTFSSSFPGHS	1
DIEITCVYCKTVLEL	1
DKKQRFHNIRGRWTG	1
PGYPIRALVGDEAE	1
AQGTLSKIFKLGGRDSRSGSPMARR	1
KYLATASTMDHARHGFLPRH	1
LSRFSWGAEGQRPGFGYGG	1
NTWTTCQSIAFPSKTSASIG	1
SKTSASIGSLCADARMYGVLP	1
VHFFRNIVTARTP	1
AVESEISPRLDAIKL	1
MIAATYNFAVLKLMGRGTKF	1
YPFLNLLHTPPHRPP	1
YTTGAVRQIFGDYKTTICGK	1
SSKRGRQTPVLYAMLDHSRS	1
DCVMATGLYHCK	1
IVTTSTNDWVVTCSYTIPTCRKMDE	1
QKFSEHFSIHCCPPFTFLNSKR	1
SDEGGYTCFFRDHSYQEE	1
YGSLPQKSQRSQDENPVVHFF	1
ARTTHYGSLPQKSQRSQ	1
GENRFYYSSGSSSPTHAKSA	1
LRLIHYSYDVN	1
PVCAHRETTIVSFGYSLYAG	1
VHFFKNIVTPRTPPPSQGKGR	1
GMEVGWYRPPFSRVVHLYRNGKD	1
AYVLLSEKKISSIQS	1
EAVLEDPYILLVSSK	1
GEALSTLVLNRLKVG	1
IAGLFLTTEAVVADK	1
KCEFQDAYVLLSEKK	1
VASLLTTAEVVVTEI	1
PSQGKGRGLSLSRFSWGAE	1
QRPGFGYGGRASDYKSAHK	1
KEEDWICCACQKTRTSRRAKPPQ	1
SSLGRAGLTYEQYFG	1
AYKEQIKTLTNKLKA	1
ELRVVGNNLKSLEVS	1
ERSEERLNTATTKLA	1
KTLTNKLKAAEARAE	1
QLENDLDQVQESLLK	1
QNKEANNRAEKSEEE	1
RKYDEVARKLAMVEA	1
HHPARTAHYGSLPQKSHGR	1
TSSEVATEVPFRLMHPQPED	1
ANNGNLQLRNKEVTWEVLEG	1
RIHMVYSKRSGKPRGYAFIEY	1
KFKGKATLTSDK	1
SFEYFPSHFFVPELEVTIIC	1
DGDFAIVKFTKVLLDYTGHI	1
RGWKHWVYYTCCPDTPY	1
DYTGKIMWTPPAIFKS	1
FAIVHMTKLLLDYTGKI	1
LGTWTYDGSVVAINPES	1
SLLTEVETPTRNEWECRCSDSSD	1
GGDRGAPKRGSGKDSHH	1
PYAVAFQPLLAYAY	1
STHVMPNWVRKVFIDTIPN	1
GDLLAEIETDKATI	1
KVGNEYVTKGQSVQQVYYSI	1
SGIPYIISYLHPGNTILHVD	1
DEVLVEIETDKVVL	1
KQVHPDTGISSKAMG	1
LIYEETRGVLKVFLE	1
PKKGSKKAVTKAQKKDGKKRKRSR	1
PLFSHLQNEQWVD	1
PTARSVGAADGSSWEGVGVVPDV	1
RDAVTYTEHAKRKTV	1
SHRTATAAEELA	1
EEQEDEIIGFGQELKNPQEE	1
ITDNPYMTSIPVNAFQGLC	1
KRKLEGDLKLTQESIMDLENDKQQL	1
LKLIETHLRTIPSHAFSNL	1
YDYTICGDSEDMVCTPKSDE	1
STLTKTLVLVPLLANNR	1
WEGVGVVPDVAVP	1
ADKDVVVLTSSRTGGV	1
AEEYEKLQNPNQSVV	1
DDLMGSRSNFDSTLI	1
DGPIRRNPAGNVARP	1
DSAFDVLSFTAEEKAGVYK	1
EEILGPDGNTPQFEN	1
EQFLGALDLAKKRVH	1
FLTWHRYHLLRLEKD	1
GTLISRAPVVTHTYL	1
IPLYRNGDFFISSKD	1
LASLIYRRRLMKQDF	1
LRHNPGGPSSAVPLLLSYFQ	1
QDWLGVSRQLRTKAW	1
RQNIHSLSPQEREQF	1
SEIWRDIDFAHEAPA	1
SLGWATLVGEITAGNLLHTR	1
TTEWVETTARELPIP	1
ASIDSMIDEIDFYEK	1
GQGVPINTNSGPDDQ	1
HPGNTILHVDTIYNRPSNTT	1
MKELSPRWYFYYLGT	1
NSGPDDQIGYYRRAT	1
PAEDVSLMASIDSMI	1
RATRRVRGGDGKMKE	1
RVRGGDGKMKELSPR	1
VFFEEQEDEIIGFG	1
VVHKLNKKMKSLK	1
CHQEEDFRVTCKDIQRIPSL	1
DKDAFGGVYSGPSLLDVSQTSVTA	1
FLPFSAGRRACLGEPLARME	1
GDSEDMVCTPKSDEFNPCEDI	1
KNQKKIRGILESLMCNES	1
KSDEFNPCEDIMGYKFLRIV	1
LPSKGLEHLKELIARNTWTL	1
NTGLKMFPDLTKVYSTDIFF	1
RGILESLMCNESSMQSLRQRKSV	1
SHCCAFKNQKKIRGILESL	1
TSVQGYAFNGTKLDAVYLNKNKYL	1
TYIDPDALKELPLLKFLGIF	1
AAPANDKFTVFEAAF	1
ALKELPLLKFLGIFNTGLKM	1
DKFTVFEAAFNDAIK	1
EKVDAAFKVAATAAN	1
ELLVLLENERTLDFHDS	1
FAEYKSDYVYQPFPK	1
NSFKPFAEYKSDYVY	1
DCIRPCFWVELVRGLPR	1
EPGEVLVEIETDKAQMDF	1
IFKIEKGKVTKSIELNA	1
KEGETLVIVETDKVNAEL	1
QAEQSLIVLESDKASMEI	1
YFLLKWLGHPNVS	1
LAQGAYRTAVDLESLASQLT	1
CMGLIYNRMGAVTTESA	1
DVFVIREPFISCSHLE	1
ERRNKYLEEHPSAGKDP	1
ESDEAFKMTMASALASR	1
FTEEGAIVGEISPLPSL	1
GGPPFTPTQKRKMAGTI	1
GKSSFYRNLLWLTGKNG	1
IIKMMESARPEEVSFQG	1
KESWSYIVETPNPENGT	1
KQKVAGPLCVRMDQAIM	1
LEPGDTIIFEANGNLIA	1
LPACVYGPAVASGYDFE	1
LTLLRAFTEEGAIVGEI	1
MNPNQKIITIGSISIAI	1
NFHYEECSCYPDTGTVM	1
NFWRGENGRKTRIAYER	1
NQRALYHTENAYVSVVS	1
RQMVQAMRAIGTHPSSS	1
SSFERFEIFPKESSWPN	1
TNQQRASAGQISTQPTF	1
VETYVLSIVPSGPLKAE	1
VLIGGLEWNDNTVRVSE	1
VYSLIRPNENPAHKSQL	1
AQPPRDLTEAFLAEMEKAKG	1
CLAVLWVVKSTPAS	1
EHRMTWDPAQPPRDLTEAFL	1
FTSLLQHFSFSVPTGQPRPS	1
KAKGNPESSFNDENLRIVVA	1
LLDKAVSNVIASLTCGRRFE	1
LNGLAAVREALVTHGEDTAD	1
PEHFLDAQGHFVKPEAFLPF	1
PEMGDQAHMPYTTAVIHEVQ	1
RFLRLLDLAQEGLKEESGFL	1
RRVQQEIDDVIGQVRRPEMG	1
STLRNLGLGKKSLEQWVTEE	1
SVLKDEAVWEKPFRFHPEHF	1
SYFTNMFATWSPSKARLHLQ	1
VIASLTCGRRFEYDDPRFLR	1
WEKPFRFHPEHFLDAQGHFV	1
KAKRLHLSPVRLAELHSDLKIQE	1
ALASPGSCLEEFRASPFLEC	1
ANILLQIDNARLAAD	1
ENRYCVQLSQIQGLI	1
FTTMPFLFCNVNDVCNFASR	1
HGRGTCNYYSNSYSFWLASL	1
KIISRCQVCMKKRH	1
LWKGFSFIMFTSAGSEGTGQ	1
NDYSYWLSIPALMPMNMAPI	1
PITAKAIAASVG	1
PLLCVGLRPQWE	1
QYFVGKRTVPPGECFIQFLS	1
VFTRHSQTTAIPSCPEGTVPL	1
MVPFIPLYRNGD	1
ERITQIAKGQEQWFRVNLRT	1
FLPLLALLALWEPKPTQA	1
GGAVFGEEGLTLNLEDVQPH	1
KDKYKNIGAKLVQDVANNTNEEAG	1
KDPGMGAMGGMGGGMGGGMF	1
LMTERVFRITASMAHNR	1
LTTAEVVVTEIPKEEKDPGM	1
PALDSLTPANEDQKIGIEII	1
TLVLNRLKVGLQVVAVKAPGFGD	1
YISPYFINTSKGQKCEFQDA	1
LSANAITVVSPSCSV	1
ALKALNAHWSADAVY	1
AMKRKVNLKTQQSQHPTDAL	1
GGGPGAGSLQPLALEGSLQK	1
KLKVESSPSRSDYINASPIIEHDP	1
KVSFFCKNKEKKCSY	1
SKDQFEFALTAVAEEVNAILKA	1
ECLPQHAMFGNDTITCTTHGN	1
EIECTKLGNWSAMPSCKASCK	1
LPVKKATVVYQGERVK	1
CDVGSDWRFLRGYHQYAYDGKD	1
GMYPVEIWHPDPAKN	1
LLEQKRGRVDNYCRHNYGV	1
NEYLLPQTVWARF	1
AENPRMEPRARWMEREGPEYW	1
GTCLESLRRYLELGKERL	1
PRFIAVGYVDDTE	1
QLKSPGVTLRPDVYG	1
NAGFNSNRANSSRSS	1
GVHIPYKISASTNCATVK	1
ITCGQVSSALAPCIPY	1
RQAACNCLKQLSASVPGV	1
SVPGVNPNNAAALPGK	1
QEGPEYWEEQTQRAK	1
REEALHQFRSGRKPI	1
KDYRAYYTFLNFMSNVGDPR	1
KWCANPDWIHIDTTPFAGLV	1
RLQQLVLDPGFLGLEPLLDL	1
SSIIADQIALKL	1
YFRLGVSDPIRG	1
GKLEYSYCAPEAGWQCA	1
HEACYDQREPQAWCRP	1
NKLLIAFGLVILLVTLPCAS	1
SEGGDEYVTKGEVVETD	1
WTDKGCFCEDKLHSCVIERKN	1
YDQREPQAWCRPNENQSWT	1
ADMLEQYNPNYTTPELNLL	1
ASGFTFSNYAMHWVR	1
EALSQLTSQLQKNFQAISSS	1
GKVSNAITTTSDGFNSMASA	1
GLEWVAVISYDGGNK	1
IGNITLALGKVSNAITTTSD	1
ITGRLAALNAYVSQTLTQY	1
KYYADSVKGRFTISR	1
LDWLNRIETYVKWPWYVWLL	1
MHWVRQAPGKGLEW	1
QAPGKGLEWVAVISY	1
QLQKNFQAISSSIAEIYNRL	1
RFLWQLKFECHFFNGTERVR	1
SDVGEYRAVTELGRPDAEYWN	1
SQKDLLEQRRAAVDTYCR	1
TFQEIVIDYIDINKTIADML	1
VAVISYDGGNKYYAD	1
YNRLEKVEADAQVDRLITGR	1
AELENQVHRLEQELK	1
APAPQPAPAPKPEKP	1
APEAPAEQPKPAPAP	1
DAEEVAPQAKIAELE	1
DPNNANPNVDPNANPNV	1
EDYAKEGFRAPLQSK	1
KREEEAKTKFNTVRA	1
LEEAKAKLEEAEKKA	1
LQSKLDAKKAKLSKL	1
PEKPAPAPETPAPEA	1
PNANPNANPNANPNANP	1
QELKEIDESESEDYA	1
SMATGWLQNNGSWYY	1
SWYYLNSNGAMATGW	1
TEADLKKAVNEPEKP	1
TGWVKDGDTWYYLEA	1
VNGSWYYLNANGAMA	1
YLEASGAMKASQWFK	1
DVRIWPLDPSLLGEP	1
GWYTYMLLPAALTGL	1
TQSVPVRCPARRRQS	1
TLVVNRLRGSLKICAVKAPG	1
TVPGGGTTYIRAIAALEGLK	1
DILLTQSPAILSVSP	1
KPVSPMRMATPLLMR	1
MRMATPLLMRPLSMD	1
IMVAFKGVWTQAFWK	1
SFLLDILGATGSDSLTLV	1
CPTPCQLQAEQAFLRTV	1
HSHGITYKKATVKKS	1
NYHSGYYRPNKQHGN	1
STGFYLCTARSSLGS	1
VICTTKQYTRRCLSK	1
AKRLDACQDQLLE	1
PIVQLQGDSNCLKCFR	1
ENIQRFLPNPAGVQLEDPEF	1
TPSYVAFTDTERLIG	1
FNEIRRVLLEENAGGEQEER	1
LQNHRIVQIEAKPNTLVLPK	1
QKESHFVSARPQSQSQSPSS	1
TSRNNPFYFPSRRFSTRYGN	1
AVNIVGYSNAQGVDY	1
DSLSPRRAGAKAGPGLSPGT	1
LRQMRTVTPIRMQGG	1
HKHYLVCNYGPSGN	1
NDFLKTGHYTQMVWA	1
CVENPNPTCNENNGGCDADA	1
ENNGGCDADAKCTEEDSGSN	1
HLDEREECKCLLNYKQEGDK	1
KCTEEDSGSNGKKITCECTK	1
LLNYKQEGDKCVENPNPTCN	1
NISQHQCVKKQCPQNSGCFR	1
QCPQNSGCFRHLDEREECKC	1
VVFFKNIILIGFL	1
EGFTRLSFTAEEKAAH	1
RNIPPRMFTAEEKAEA	1
NIRFRYIVLQDTCSK	1
PGAIGTDGTPGAKGP	1
PGEVGFAGSPGARGF	1
QMTFLRLLSASAHQN	1
RRVTETRSSFSRVSGSPSSGF	1
DIKFLPFKVVEKKTKPYIQV	1
DNQPTVTIKVYEGERPLTKD	1
EDKKEDVGTVVGIDLGTTYS	1
GSAGPPPTGEEDTAELHHHH	1
IFLGPEPKSVVQ	1
KELEEIVQPIISKLYGSAGP	1
NRLTPEEIERMVNDAEKFAE	1
RSTMKPVQKVLEDSDLKKSD	1
ALREKVLGLPAIKAW	1
ATDYENYAIVEGCPA	1
EVVKANGGYLAAGKL	1
FLLSYGEKDFEDYRF	1
HMAKEDLVANQPNLK	1
IRFSVRRFHPKLGDK	1
LDYERFRGSWIIAAG	1
LDYLNHMAKEDLVAN	1
NGGYLAAGKLTWADF	1
QPNLKALREKVLGLP	1
QTHQSVAISRYLGKQ	1
TKKFDEVVKANGGYL	1
VIYVQIRFSVRRFHP	1
VLGLPAIKAWVAKRP	1
YFVAILDYLNHMAKE	1
ANYTAHGSETAWADP	1
GMIKSNDGPPIL	1
KNDMVINLNQEL	1
LVDVTLGSTHVT	1
VAFNMFTDNVDQ	1
AAIANYHYDADENSK	1
KDDWENLEIDMIVDT	1
MAPSYKLTYCPVKAL	1
PAIKAWVAKRPPTDL	1
PLKKETIPYYTKKFD	1
QKKWDPLKKETIPYY	1
TIPYYTKKFDEVVKA	1
AKEFLENYLLTDEGLEA	1
KISQAVHAAHAEINEAGR	1
KLIAYPIAVEALSL	1
AELKKQSKPVT	1
LLILRAIPKGIRDKGAK	1
TGKIINFIKFDTGNL	1
GSNPNYLAMLVKFVADDGDI	1
IAPYHFDLSGKAFGAMAKPG	1
AWDQPIADNKTKEGR	1
KYDFDGVNRGTRGTS	1
LGYTFQDSQHNNGGK	1
NAGVTVTPLLLGYTF	1
RVFFDTNKSNIKDQY	1
TRGTSEEGTLGNAGV	1
VGAALGIELTPWLGF	1
ALQQIMENQSDRLQGRQQEQ	1
CQSQLERANLRPCEQHLMQK	1
ERANLRPCEQHLMQKIQRDE	1
FEAQKARANKAVD	1
FENNQRCMCEALQQIMENQS	1
GSSQHQERCCNELNEFENNQ	1
NELNEFENNQRCMCEALQQI	1
QERCCNELNEFENNQRCMCE	1
QGDRRCQSQLERANLRPCEQ	1
VALALFLLAAHASARQQWEL	1
CHHLDKSIKEDVQFADSRI	1
DWVSLWKGFSF	1
SNLQLIYNLTLCELNGTDWL	1
MAQVEEVRVFEGTE	1
VDSITEVECFLTPEM	1
YLYQLSPPITWPL	1
TLDLNTPVDKTSN	1
ESVAWSASACHDGMG	1
ERTYLVNDKAAKMHA	1
ESPVDQDPDCLFCED	1
EVKEKGMAALPRLIA	1
IFSILVLASTITILK	1
YAYAKWKLCSASAI	1
YKIADPICTFIFSIL	1
DSIAALKDKPDNPAL	1
LLADLQHSINKWSVIY	1
QTLKKPADDANKAVNDS	1
VIYNINSTIVRSMKDLMQ	1
WPSAAERFSLSP	1
FYKNLIWLVKKGNSYPKLSK	1
LVVPRYAFAMERNAGSGIII	1
GLFGAIAGFIEGG	1
LKSTQNAIDEITNKVN	1
QKRAAQAARVEAACG	1
QKRAAQDAAVDAACG	1
AGEAMVLVYYESIAYSF	1
IVKTGERQHGIHIQGSDPGGVRTA	1
CENIVEKYGAKIVSA	1
QSKVWIKMSTSKMPH	1
TKKIFDLTVANRTEA	1
TYPPSNQNKLFKSQC	1
VWDYKIAPLLCSTHL	1
ESSVDDRPMKTVSQD	1
HEYEPLPEDVKKTSE	1
KLIVTSEGAFKYFSK	1
LRQTKVPSLFVESSV	1
TPEQIKTLVEKLRQT	1
YFSKAYGVPSAYIWE	1
FGLVDGLNFAVQYLGKNERD	1
QSIALSSLMVAQAIP	1
GIVKENIIDLTKIDRCFQ	1
LIYYTDFSNSSIA	1
DAENPGGEVFNDNKKGLSRV	1
AGTIAGLNVLRIINE	1
ANGILNVSAVDKSTG	1
GIDFYTSITRARFEE	1
LNVLRIINEPTAAAI	1
YEGERAMTKDNNLLG	1
AGAKKAGAKKAVRKVATPKK	1
DKVGINYWLAHKALCSEK	1
GGVSLPEWVCTTFHTSGY	1
IFDSRGNPTVEVDLF	1
KRIAKAVNEKSCNCL	1
MSSDSAVAALSAAMTSPQKS	1
DSYKFIPTLVAAV	1
ESYKFIPALEAAV	1
AAIFLYNLSVKSGYFL	1
AFVFLQILNNLVTAYMLM	1
AGAFHLLMAESLRIHYA	1
AIYFVFLRTSKNLELVES	1
AKDMKIMQNIAQTISLIAGQK	1
AKKLLKLLNGIKSKVN	1
ALGLLALGSSLAMILGLPLGRI	1
ALLFLHLFNGLSTSLPL	1
CLEWINKQTSLLRKNI	1
CYYETADAFKVIM	1
DAYYNYLNNLVLASYNR	1
DGWFNFVSTNFSNSLLIKNP	1
DPKELLARIQSLLRRSHKKE	1
DSLKLALKIEKLLSYGLTMA	1
EEPYFLISNLPYYIATR	1
EMLFNFLKEQLNKLLGLLRLF	1
FKEVLLSYQSKLGPMKWLE	1
FLAIGFIYALKRNALSWQK	1
FPTLLLIVTLYRLALNVATTRM	1
GMILFYFIKSLGNNLLHKN	1
HIGSQLVLKLLSLQLTQPVRYK	1
HYLFKGFSALENLQVASI	1
IDSFYQAFNHPLRPLLLIV	1
IEKLVLARALKLVLAV	1
IEQIKRYLKASVENLNDNE	1
IQVVLELLKALSFRKIILN	1
IVGLLHSLDSLKLALK	1
IYLFPLISLRLKFGLKAEKS	1
KALFLGLKTANILKP	1
KGRVGILHGNKTYLLQNN	1
KKRFMKLNINVSLPQTLSLK	1
KSAFVMANNLIEATQ	1
LEAIRQLKLSVANSVNFA	1
LGLLKLVAQRRNLLKYI	1
LKLYQWILKQKSMASEEI	1
LLDYKLLQLFKLFENALFSLI	1
LLIIAIYALNSKKLLELN	1
LMEYNLLPLLLSLLSKKKTLTSSGL	1
LQWLSFILSLKKRLLPLLLSL	1
LVVYGGLNAINTALLPSE	1
MQILIRKTKNNPILLIKP	1
MQKYMQIVRYLTILITLI	1
MWPFLRSSVRLISILSADLFNT	1
NTGVINILNSASRVAKNG	1
PLRLLENLKALFLGLK	1
QDFLRRVQELRINMQKNFISFDA	1
QNLYKYIVSLANLMALEK	1
REKLQLILTLSRNASLYLNGA	1
RHRIKMGASLLQIYSA	1
RINLKALQNILNNAKSAHFKFV	1
RLPIVLNLVNRALAAPLNRA	1
RNPILHFMRLKPKGLNNI	1
RRNLLKYIKAPSLNGASA	1
RTYIKVLRKLLGSANKI	1
SIGWAYQYALSSDSKNLSDLK	1
SKEFIPELNKLGSLFGQGE	1
SKKLLELNRMISHIFFIS	1
SNDRILLIKPLQIGVD	1
SQDFVLIFSVHGLPKSVIDAG	1
SQIFRRVFSLIPVI	1
THPEIYLFKKLGVSLLKRI	1
TINVYYFNHGNLSFTYRR	1
TKRIKVAASTLRTYI	1
TLIEGLMMAKALSLSLNLP	1
AARVTQILSSLTITQLLKRLHQWI	1
AQGYKVLVLNPSVAATLGFG	1
DQMWKCLIRLKPTLHGPTP	1
GIAYFSMVGNWAKVL	1
KLPINALSNSLLRHH	1
LENLVVLNAASVAGAHW	1
LGNIIQRLHGLSAFSLHSY	1
LMAFTAAVTSPLTTS	1
PGEINRVASCLRKLGVPPLRAY	1
VDLLVNLLPAILSPGA	1
VPPLRVWRHRARSVRAKLLSQGGRA	1
WARMILMTHFFSVLIARDQLEQ	1
KPDSVTPMILKAQKGGNL	1
FAGAAGSAKSAAGTASHVSI	1
PPEQPFHSYGVTYTFATDA	1
PPERPFQATGITYTFPTDA	1
PPERPFQTTDITYTFTTDA	1
DRNTQRQTVRYSVSE	1
ENAYEYLKHNGLETE	1
FAGHGKAYLHGSFDK	1
FASFDVPSKQPTIDIDLCDI	1
FVPLYSSKSATSVGTPTRVS	1
FYMFEDFLVYKSGIY	1
GVENGVKYWLIANSWNEGWG	1
ISEIRDQSSTSSTWAVSSAS	1
ISFSEQQLVDTSGPW	1
KGAGSSQDACIKFIQYEVDG	1
LDPYFNLVSPEVYNY	1
QTCSPLRVNHAVLAVGYGTQ	1
TVNLVKRLLQNSVVE	1
YEKYEDDYARETPYD	1
YTEPRSVTPEERSVFQPMIL	1
DFWQMVWESGCTVIVMLTPLVEDGV	1
TVEVVEGMQFDRGYISPYFV	1
DIFERIAGEASRLAH	1
EASEAYLVGLFEDTN	1
LGKVTIAQGGVLPNI	1
LRKGNYAERVGAGAP	1
QAVLLPKKTESQKTK	1
QSSAVMALQEASEAY	1
CAELCDPSNKPGHLL	1
DRIEKDRLQGMAPAA	1
EEVRKLKARVDELER	1
ELWMFVRKKLMMEQE	1
GMAPAAGADLDKIGL	1
HSDSQEELWMFVRKK	1
IRRSILPYGDSMDRI	1
KARVDELERIRRSIL	1
PYGDSMDRIEKDRLQ	1
FGINAENNHRIFLAG	1
GQFEDFFPASSRDQS	1
IDQIEKQAKDLAFPG	1
ECDFQEFMAFVAMVTTACHEFFEHE	1
KAMVALIDVFHQYSGREGDK	1
KHKLKKSELKELINNELSHFLE	1
REGDKHKLKKSELKEL	1
KGGFTFTDQNNQALSSTAV	1
NATAMVAQINAVNKPQTVS	1
TRMQTQINGLNQGVSNAND	1
VQASNGPLSASDASAL	1
AIKLTSSAGVLS	1
AVVPVLAYAAARLLL	1
DKDLLENGAIFV	1
FLAPDDQIKKNV	1
GNRFLAPDDQIK	1
GSSQIWIDHCSL	1
KNIIIHNINIHD	1
QIWIDHCSLSKS	1
RWGTYAIGGSSA	1
SAGMIPAEPGEA	1
SDKTIDGRGVKV	1
TIDGRGVKVEII	1
TSGSDPVLTPVQ	1
EWQVAAENSDDTKFK	1
DGTQQFYHYASSVKPARVIF	1
QDNSAKKEATPATPSKPTPS	1
QSGQFWRKFEVYEGDKKLPI	1
RCLLGFKEVGGKCVPASI	1
TAKDGMEYYNKMGELYKQ	1
TLERQVYELNKIQDKLPEKL	1
VSYDTVKDYAYIRFSVSNGT	1
ATGFFAKKEAAEKHL	1
GRFDGTVEVKEGGFE	1
PAHLLKYDTTQGRFD	1
TRINDLTDPNMLAHL	1
CIIHRGKPFQLEAVFEANQNTKTA	1
KIEIKASIDGLEVDVPGIDPNACH	1
FLLMDALKLSI	1
AAMASASLVTVAVPATANAD	1
PDAGPPQRWFVVWLGTANNP	1
PGTRINQETVSLDANGVSGS	1
FRKKVILEDKVKNF	1
KAKFAGRNFRNPLAK	1
VIGMDVAASEFFRSG	1
VPRLPEQGSSSRAEDSPEG	1
TPPSVVGGLGVTMVH	1
VIMGNWENHWIYWVG	1
ENNHRIFLAGDKDNV	1
GRIRVLQRFDQRSRQ	1
MMLTCVEIKEGALML	1
PDLSNNFGKLFEVKP	1
QGGKGPLLSILKAFN	1
SYLQGFSRNTLEAAF	1
RASRVAEQLFRKFLKF	1
STNKAVVSLSNGVSVLTSKVLDLK	1
VNILVKQISTPKGPSLR	1
YTDKLIHLTNALAKAVIH	1
LRVGGRCHPHVNGVF	1
WTSYGILIARKGDRI	1
YTRIMMNGGRLKRSH	1
AGFKGEQGKGEP	1
AAVTLLEQPNPSKLA	1
AKGMMHMIKKGANGS	1
ASLKPEFVQIINAKN	1
AVFGEIRTTKRFPID	1
AVRLSKDIAADLQGE	1
CPTNLGTTVRASVRI	1
DKKVYRVFESTVTGR	1
DPSIHVLKMVAELTH	1
DRKMYWQFKMDKIQI	1
DRTGVRVLTMCPGVT	1
DSFIADLVVGLSTGQ	1
DTKLRIMKNHQFTNC	1
DVDTLGNLDPAGEYI	1
DVLQWQTIPYTTIHN	1
ERYQLVSYKLVSRSG	1
EYFKVAFKPTSPVPN	1
FGSTLLDVIQSGLEN	1
FQINLDFKNHNGFIR	1
FRKFSNNFEFSYLLG	1
GGFKKTDKHPPKDWG	1
GIRIYVDVVLNQMSG	1
GQEYTFYVIVTPYAK	1
HDDRLGFLTFCPTNL	1
HHQRLFMVQSLERVV	1
HIVFPSYEIEMFYDG	1
IEDYHGGFKKTDKHP	1
IMHREDMQDIVVPAF	1
INYNLKQHETFKRRV	1
KEFANVVRVVRHTSK	1
KINYDSLYNLNNIGS	1
KLGDKEMIQHYTLDQ	1
KTPVLSVNATVVRLQ	1
KVIDLLLSLYLDQNE	1
LVFLRNAKIELKPNQ	1
MALTGDATAVVLDMT	1
MKLFPLVALLVLVVG	1
PAYFKMNSPSLWKYN	1
PVYVRVFLGPKYNYY	1
QFHQPLVSHQMRLSQ	1
QFYYFYQQIYARYML	1
QTLFAGYFDNTIRVW	1
QVYRRLVTAVNDIEK	1
RGNNAIKWLVNFGVG	1
RIKAFLALVECPCNK	1
RILLRLHRCFQVLGR	1
RLFGAEVGWLALHHN	1
RSAIVHLFEWKFADI	1
RVPFSHDDRLGFLTF	1
SLLLNGGCKVSNYDE	1
STSLVKAHSMRNSAS	1
SYEIEMFYDGSRIMI	1
TPNMYFKDVVIYHKK	1
VEALFLLMKADPSIH	1
WCNEEDHLRIISMQM	1
WVPSKKCHLTNIACL	1
YTLDQVNQHKKAIEE	1
YVYALPTKAAHIVFP	1
LPVGAANFREAMRIG	1
RYMGKGVSKAVEHIN	1
AIAQRKLSALSAELE	1
EATQRELRATQAELQ	1
ETQACLRKKDRRVKE	1
KKQADQLRALQSSFE	1
QFEIDRLAAALADAE	1
SNVASLKGFIT	1
YLVLASLIACS	1
APGAYKSVEVKGDGG	1
NTALFKAIEAYLIAN	1
QAPEYRGRTELLKDAIGEGKVTLRI	1
TVRTDAVNKEAL	1
FGKQGFFPDSVNKALY	1
LRYQKDKKGISTSAASPAVG	1
SQVEQFLHRNIQEYLSILTD	1
DVAGIVGVPVAAGCT	1
ELLAITTVVGNQ	1
FMLQILDFYTKVYE	1
FRYPRPKHCHTQ	1
GAGGEDPESFYRAFSWEVLE	1
HPSYKKLRARIRKDTVFIVP	1
IRSKSINSATHYAES	1
KAAGLFNAPASQLAR	1
QSPAILSVSPGERVS	1
SYNMHWVKQTPGRGL	1
ASMAHNREELLRSLES	1
AWIGFWLILLVMLVVA	1
DCFIYEDQIRPQDRE	1
DEENGLDEYDEVPMPV	1
DQRNQELQWVEEAAH	1
EEAFFSFCESNNLEY	1
EEELENIIGQIAYRDLT	1
EGGSEGPSTSGTLKI	1
EKPVLGFVRLKEAVPLE	1
ENLREDGVWGRPHLS	1
EPLLPHQPSLETQLY	1
ESQITTLIVSKPERK	1
ETQLYCGQAEGGSEG	1
FHLDLLLVVGMGGVAA	1
FKPPKYHPDVPFVKR	1
GTLKIPPDSETTLVLVG	1
IYETFSKLIKIFQDY	1
KIFQDYPLQQTYAPV	1
KPERKMIKGSGFHLDL	1
LGLYRLFPTWMMFASV	1
LGNLEGVKPAVLTRSG	1
LGPEAPHVDYTQLGR	1
LISTAVQGILFALLGA	1
LLAMTLRKFKNSTYF	1
LRRTGRIFGGLIRDI	1
LSILMEPILSRIPLA	1
LSPQVLAAVIFIYFAA	1
LVFILIFLESQITTL	1
LVLVGRANFLEKPVL	1
LYMGVTSLSGIQLFD	1
MGGVAALFGMPWLSA	1
MQDPEALPTEQTATD	1
NSTYFPGKLRRVIGD	1
PEPVGFLLVLLGPEA	1
PFVKRVKTWRMHLFTG	1
PQGPVPNTALFSLVL	1
PSEKALLNLVPVQKE	1
PSPAKPDPNLYNTLD	1
PVQKELLRRRYLPSPAK	1
PWLSATTVRSVTHANA	1
PYYLSDITDALSPQV	1
RSLESFLDCSLVLPPTD	1
RVIGDFGVPISILIM	1
SFIKGTYTQKLSVPD	1
SLLELQKVFSKGTFL	1
SLVLPPTDAPSEKAL	1
SNNLEYIVGRAWIGF	1
STPASLALPFVLILT	1
TFGGLLGEKTRNLMG	1
TRNLMGVSELLISTA	1
TSLAGVANHLLDCFIYED	1
TSTPHPSSGQVYVELQ	1
TYAPVVMKPKPQGPV	1
VLILTVPLRRLILPLIFR	1
YNTLDLNGGKGGPGD	1
YRDLTIPVTEMQDPE	1
YTQLGRAAATLMTER	1
YVELQELMMDQRNQE	1
EARPALLTSRLRFIPK	1
SFIHIYLYRNIRIQL	1
LDVVCAMIEGAQG	1
PIKDQADEAQYCQLVRQLLD	1
RIAHRIKGFRSLPFIIGCNP	1
DPHEYEVKPKDIKKLTDADV	1
KHKLKHLLVETSVDKKAMES	1
NALYNYSIPRPNVTSNL	1
SGKVVEENPKAIKSGDS	1
RWCVYAYGRVRGVLVRYRRCW	0
PTGERVWDRGNVTLLCDCPN	0
ILIEGVFFA	0
RRKKAVALLPAVLLALLAP	0
YQLLIRMIY	0
LEAIPCSIPPCFAFNKDFVF	0
HAKFWW	0
AKQARSDIEKLKEAIRDTNKAVQSVQSSIGNLIVA	0
LPFDKTTIM	0
CGESCVWIPCTITALAGCKCKSKVCYNSIP	0
ERPVG	0
GKPRPYSPRPTSHPRPIRV	0
EVWRLAEFLAMPP	0
SAVWNSTTA	0
YTNGNWVPS	0
QPWSQCSATCGDGVRERRR	0
FFLIGRRRRRRRRGC	0
CWKKK	0
LGFWGLPH	0
YSQVNPLTL	0
IAILPYFAGCL	0
CYFQNCPR	0
MDWHY	0
VCGETCVGGTCNTPGCTCSWPVCTRDGLP	0
SSVWNATTAI	0
HGPGPARAPPPPGGPV	0
FLPMLAGLAASMVPKLVCLITKKC	0
FALA	0
TYLALLAAF	0
DQKDEYELL	0
GLGSVFGRLARIGRVIPKV	0
DMTRFNMK	0
VTTLGMALY	0
FVRWFSRFLGRIL	0
TKWTPCSRTCGMGISNRV	0
KRAKKFFKKPK	0
CSCSSLMDKECVYFCHLDIIW	0
HFLLTLVKLAKKIL	0
CGESCVWIPCISAVVGCSCKSKVCYKNGTLP	0
VSWKKSLGKIIKVVK	0
KWKKLLKKLLKLLKKLL	0
RQIRIWFQNRRMRWRR	0
AGCKNFFWKTFTSC	0
ITMQGIQGQKIRMIMF	0
LEAIPMSIPPEIAFNKPFVF	0
PNEVNRLAHLRLH	0
HTMYYHHYQHHL	0
GTSGSPIINR	0
QQMNQKDFLSLIVS	0
HHPHGHHPHGHHPHGHHPHG	0
MLMIIIVIAI	0
KKRTLRKNDRKKRC	0
GFLSILKKVLPKVMAHMK	0
VVYPWT	0
KWARLWRWFRITRWLWYIK	0
YACHCFF	0
CTFTLPGGGGVCTLTSECIC	0
GFLGPLLKLGLKGVAKVIPHLIPSRQQ	0
GPWERCTAQCGGGIQARRR	0
TSWSQCSKTCGTGISTRV	0
YAGFA	0
KWKSFIKKLASKFLHSAKKF	0
LEAIPCSIPPCVFFGKPFVF	0
YYNAFHWAI	0
GLGSLLGKAFKFGLKTVGKMMGGAPREE	0
LLFGYPVYV	0
MPEGYPENGFPEN	0
KSLTYYKL	0
ILIEGIFFA	0
YAGFLR	0
SVSNAATRVARTGRSRWRDVARNFMR	0
ALPLIGRVLSGIL	0
RQIKIFFQNRRMKFKK	0
GRGDSPRRSPRR	0
FQPQNGQFI	0
YQLLIRMIYKAI	0
FAFGKGIGKVGKKLL	0
SYIGSINNI	0
FALALKLAKKAL	0
GILSTFKGLAKGVAKDLAGNLLDKFKCKITGC	0
QYGSFCTQLNRALSGIAAEQ	0
NSPNIFGQWM	0
KVLHLEGEVNKIALLSTNKAVVSLSNGVSVLTS	0
GFFALIPKIISSPLFKTLLSAVGSALSSSGEQE	0
EGPTLGNWAREIWATLFGKA	0
VNWKKILGKIIKVAK	0
FAKLLAKLAKKL	0
LRWRKRWRKWRWRKRWRK	0
VRPPPVRLPPPVRLPPP	0
NSDSECPLSHDGYCLHDGVCMYIEALDKYACNCVVGYIGERCQYRDLKWWELR	0
STNQSTNQST	0
QASPNIFGQWM	0
RLCYTRGRFTVCV	0
DDALRRLLRRLLRRL	0
GTSGSPIVNR	0
RPGPPGLQGRLQRLLQANGNHAAGILTM	0
KAAKKWAKAAKKAAKAWKKAA	0
GVIPCGESCVFIPCISAAIGCSCKNKVCYRN	0
GTACGESCYVLPCFTVGCTCTSSQCFKN	0
STVTGIFL	0
ALWKTLLKKVLKAAAKAALNAVLVGANA	0
GFPCGESCVFIPCISAAIGCSCKNKVCYRN	0
SPWPRPTY	0
INNTFLHL	0
INEFLERSGIPRQRNQ	0
SIIGFEKL	0
LVLILYLCV	0
AEPERRNIKYL	0
IMAKNEVFCV	0
KKLFKKILKWL	0
RRKKAAVALLAVLLALLA	0
YPENGPIFPENF	0
SIYRYYGL	0
ICPMYARV	0
KAVYNFATC	0
FLSSIGKILGNLL	0
CYTQYRKCQELTA	0
GIKEWKRIVQRIKDFLRNLV	0
KSYETEYPK	0
FAKLLAKAFKKAL	0
KWKSFIKKLTSKFLHLAKKF	0
GHRRYFTFGGGYVYF	0
MPAYIRNTL	0
ILPWKWPWLPYRR	0
SGVYKVAYDWQH	0
NLVPMVATV	0
KNLRRITRKIIHIIKKYG	0
PLLQATLGGGS	0
RGGRLCYCRRRFCVCT	0
AVYNFATCGI	0
FLKWLFKWAKK	0
DSACHLGI	0
LRKRKRLRKLRKRKRLRK	0
GTSGSPIVDR	0
FAKKLAKKLL	0
AVNACSSLF	0
TNGNWVPS	0
PGLKGKRGDSGSPATWTTRG	0
ICYCRRRFCVCVGR	0
CRTIGPSVC	0
KWEYVLLLFLL	0
AFHHIFRGIVHVGKTIHRLVTG	0
KKKKKKKKK	0
LVEAKQARSDIEKLKEAIRDTNKAVQSVQSSIGNL	0
SFWFLKSGAV	0
RRRRRWCMNW	0
NFLGTLVNLAKKIL	0
MIISRDLISH	0
CGESCVWIPCISSAIGCSCKSKVCYRNGIP	0
FLGALAKIISGIF	0
KSKAINVLRGFRKEIGRMLNILN	0
NNGNN	0
DYMGWMDF	0
RKRIRLVTKKKRR	0
FLPIVAKLLSGLL	0
AVALVEAKQARSDIEKLKEAIRDTNKAVQSVQSSI	0
GETALALLLL	0
EKKPPRPPQWAVGHFM	0
YGGFL	0
LNWGAILKHIIK	0
CRRRRRRRRR	0
RPRTRLHTHRNRRPRTRLHTHRNR	0
FLVMFLSG	0
GDALPHLKLC	0
GILNTIKSIASKLKRKAK	0
RRKKAAAAAAAAA	0
GAKPCGGFF	0
NNNWNNN	0
LRLKYRRFKYRV	0
WAGGDASGE	0
GLLGKLLKIAAKVGKKLL	0
LRTRKRGRK	0
TGASSEEEDPF	0
FAKKLAKKLAKLL	0
GKWMSLLKHIWK	0
GIFWEQ	0
RMPPLGHEL	0
RRFFRRFRR	0
RQIKIWFANRRMKWKK	0
PITNF	0
HNYKYRYL	0
YKPITN	0
RGGRLCYCRRRFCVCVGR	0
GVDITVIRPNH	0
ALDPIDISIELNKAKSDLEESKEWIRRSNQKLDS	0
NPNDKYEPF	0
GLFGKSSVWGRKYYVDLAGCAKA	0
RRRRRRRRRK	0
GMWSKILGHLIK	0
FLPPSPWKETFRTS	0
KNWKKIAGMAKKLLKKNWKLM	0
KFKKLAKKF	0
RRKKAAVALLPAVLKALLAP	0
CGESCVYIPCLTSAIGCSCKSKVCYRNGIP	0
SSIEFARL	0
ALILTLVS	0
WRRRRRRRR	0
ARSDIEKLKEAIRDTNKAVQSVQSSIGNLIVAIKS	0
SKEKIGKEFKRIVQRIKDFLR	0
SPNIFGQWM	0
EWRKKRYSTQV	0
VQQLTKRFSL	0
KNGRKLCLDLQAALY	0
RWRKRWRWRKRWRWRKRW	0
VGSGGCMFGNGK	0
HVDKKVADKVLLLKQLRIMRLLTRL	0
ILRGSVAHK	0
RALEYKNL	0
MIIYRDLISKK	0
RRYAFEVVG	0
HSDGTFTSEYSRLRDSARLQRLLQGLV	0
ISIELNKAKSDLEESKEWIRRSNQKLDSIGNWHQS	0
WDRGNVTLLCDCPNGPWVWV	0
KFFKFFKFFK	0
CRWRWKCCKK	0
GLPVCGETCVGGTCNTPGCTCSWPVCTRN	0
FRWCFRVCYKGRCRYKCR	0
FCYWKVCWNH	0
KWKSFIKKLTSAAKKVVTTAKPLISS	0
KLLLKLLLK	0
RRRRRRRRRRR	0
INLEACLGRTLMD	0
AALYKKKIIKKLLES	0
GLDWWSL	0
GVWTTILGGLKKFAKGGLEALTNPK	0
LEAIPMCIPPECLFGKPFVF	0
CRCCELKSLCPTLMRVVRLLGLVLL	0
DSACVFGA	0
GANPCALYY	0
CHHNLAHAC	0
RRLSYSRRRF	0
RQIKIWFQNRRAKWKK	0
VECYGPNRPQF	0
VCGETCEGGTCNTPGCSCSWPVCTRNGLP	0
ACSSSPSKHCG	0
GWLKKIESIIDAF	0
DPPEGLUGTKPPROH	0
DLMGYIPLV	0
MIIFRDLISH	0
RRPAAAGKRRREKQRPSDKPRR	0
RRKKVALLPAVLLALLAP	0
RRFWRRWRR	0
LRRFSTMPFMFCNINNVCNF	0
FLGMIPGLIGGLISAFK	0
LIIFRILISHR	0
LEAIPMCIPPECFFNKPFVF	0
FGKGIGKVGKKLL	0
GCSRWIIGIHGQICRD	0
VLAELVKQI	0
GICRCICGRGICRCICGR	0
GMWSKILGHLKR	0
TTWEAWDRAIAEYAARIEALIRALQELQEKNEAILREL	0
LCYCRRRFCVC	0
QIWNNMTWMEWDREINNYTSLIHSLIEESQNQQEKN	0
GIGAVLKVLTTGLPALISWI	0
RRWWRRFRR	0
FCFWKTCT	0
YQPLLSNTL	0
FLPILASLAAKFGPKLFCLVTKKC	0
FAIKWEYVLLLFLL	0
ASNENMDAM	0
LCDCPNGPWVWVPAFCQAVG	0
CGESCVWIPCISAAVGCSCKSKVCYKNGTLP	0
VNIRNCCYI	0
GLFDVIKKVAAVIGGL	0
PAPQAPYQGYQEPPAPQAPY	0
SPWTKCSATCGGGHYMRTR	0
TILAEIKNINAD	0
RRYPDAVYL	0
GIFGKILGVGKKVLCGLSGMC	0
RRRRR	0
YAGCLFNHFGAY	0
MELANTANII	0
PKKKRKV	0
FMGTALKIAANVLPAAFCKIFKKC	0
RKHRKHRKHR	0
MKAEH	0
NFDVLTEQ	0
LRKRKRLLK	0
YNPCSNYL	0
FAKLLAKALKKLL	0
FWGALAKGALKLIVGSLFSSFSKKD	0
NEVPFEF	0
GRRRRRRRRR	0
GLRRLLGRLLRRLGRLLLR	0
LEAIPCSIPPCFAFNKPFVF	0
IAAHDTPGPVWLS	0
CIISRDLISH	0
MIIYRDKKSH	0
KCPSRRPKR	0
GKWSKILGKLIR	0
TAWGPCSTTCGLGMATRV	0
DGGLAG	0
YSTCYFIM	0
RMIYKNILFYLVPGPGHGAEPERRNIKYL	0
KNWKGIAGMAKKLLGKNWELMEK	0
KFAKKFKWFAKAAFKFFKK	0
RKAVLLALLA	0
CRQSCSFGPLTFVCDGNTK	0
FLGALFHALSKLL	0
FAKLLAKLAKKAA	0
YPENGFC	0
KWCFRVCYRGICYRRCRGK	0
KKLLKWLLKLL	0
NGWNN	0
FAKLLAKLAKKSL	0
FFGSVLKLIPKIL	0
RQAKIWFQNRRMKWKK	0
SAISCGETCFKFKCYTPRCSCSYPVCK	0
FALLKALLKKAL	0
RQARRNRRRC	0
VNWKKSLGKSIKVVK	0
GVNACSSLF	0
AGIFWEQ	0
VGVGNRDFV	0
AKKVFKRLGIGAVLWVLTWG	0
FKCRRWQWRMKKLGA	0
ILPWKWPWLPWKK	0
ILGKLLSTAAGLLKNL	0
FQLMRPPNM	0
CIPMAWAVSWPHP	0
FDIVKKVVGTIAGL	0
ILYGPLTRI	0
RIKRFWPVVIRTVVAGYNLYRAIKKK	0
GIIKKIIIKKIIIKKI	0
GFMKYIGPLIPHAVKAISKLI	0
KWKLFKKIGIGKFLHWAKKF	0
HSKKKCDEL	0
GGGGASMI	0
GACFSIAHECGA	0
AGILKRW	0
TEWTACSKSCGMGFSTRV	0
AKKVFKRLGIGAVLWVLTTG	0
FLPLLLSALPSFLCLVFKKC	0
YPHFMPTNL	0
FALKALKK	0
GRWKRWRKKWKKLWKKLS	0
FFGKVLKLIRKIF	0
FLPLILRKIVTAL	0
ILKLFKRIVKRILKFLRKL	0
LRWRKRWRKLRWRKRWRK	0
RRRRRRRRRRRRGC	0
HHHHHHHHHHHHRRRRRRRRRRRRRRR	0
IYNVGQVSI	0
RTRKGRR	0
PGLGFY	0
NHQQQNPHQPPM	0
SYRCPCRFFES	0
ALWKTLLKKVLKAAA	0
IKIPAFVKDTLKKVAKGVISAVAGALTQ	0
GLLSRLRDFLSDRGRRLGEKIERIGQKIKDLSEFFQS	0
ILGKLLSTAAGLLSKL	0
VQIYK	0
YPPKPCGI	0
KLSSIESDV	0
FCYWKVCT	0
ILGKIWKGIKSLF	0
WHSDMEWWYLLG	0
FLKLLKKLAAKLF	0
RQIKIWFQNRRM	0
CKYGRKKRRQRRR	0
PPWCCCSPMKRASPPPAQSDLPATPKCPP	0
SIINFEKL	0
HRWRKRWRKHRWRKRWRK	0
CVETMCNEY	0
YACPCFF	0
RRKKVLLALLAP	0
WWRRRRRRRR	0
IYRDLISH	0
SGTQEEY	0
EGGGPQWAVGHFM	0
RKPWLL	0
CDVIALLACHLNT	0
SLPGGTAS	0
HCKFWY	0
PIDISIELNKAKSDLEESKEWIRRSNQKLDSIGNW	0
YQLLARMIYKNI	0
VLSEWLPVT	0
FMPIIGRLMSGSL	0
HPNIEEVAL	0
FLLFPLMCKIQGKC	0
ILKGKFQTA	0
RVDNALLKF	0
GWKKWFTKGERLSQRHFA	0
HCKFWV	0
KIAAKSIAKIWKSILKIA	0
IDISIELNKAKSDLEESKEWIRRSNQKLDSIGNW	0
VNWKKILGKIIKVVK	0
HCKFWR	0
SSPPMFRV	0
GLPVCGETCVGGTCNTPGCNCSWPVCTRK	0
YSPCTNFF	0
YCAYYSPRHKTTF	0
FLPLIGRALSGIL	0
CKLLLKWLLKLLKC	0
TNYKFSLV	0
QLSLLMWIT	0
FLGPIIKIATGILPTAICKFLKKC	0
VRLPPPVLPPPVRLPPP	0
YTVKYPNL	0
DITYRFRGPDWL	0
KKKKKKAAFLAWALFAA	0
RRKKPAVLLALLAP	0
GMWSKILGKLIR	0
AFGMALKLLKKVL	0
DFDMLRCMLGRVYRPCWQV	0
GRRRRRERNK	0
RRWRKRWRKWRWRKRWRK	0
AMLVLLAEI	0
GLFDIIKKIAESW	0
DRVYIHPFHL	0
QRFSR	0
YPENGFPENF	0
GFSSIFRGVAKFASKGLGKDLAKLGVDLVASKISKQS	0
LEAIPMSIPPEFAFNKDFVF	0
GFKDLLKGAAKALVKAVLF	0
HHHHHHHHHHHHHHHHRRRRRRRRRRRRRRR	0
DSSPVSTEQLAPTA	0
GIIKKIIKKIIKKI	0
AGPPRYSRI	0
YQDVNCTDVSTAIHADQLTP	0
CAVRPYIL	0
RRLLRRLRR	0
SSVWNATTA	0
DEVD	0
KRFKKFFKKLKNSVKKRAKKFFKKPKVIGVTFPF	0
ICLRLPGC	0
RPRDAIRFL	0
FQNRRMKWKK	0
LSFPFPG	0
RQIKIWFQNRR	0
GLKEIFKAGLGSLVKGIAAHVAS	0
FLLTRILTI	0
GIKYFSMVGNWAKVLVVL	0
TTWEAWDRAIAEYAARIEALIRALQELQEKNEAALREL	0
FLSAIASMLGKFL	0
ACSGSGSGCGSGSGSCG	0
GMWSKILKHLIR	0
KLLKWLKKLLK	0
FATGIGIITV	0
GLWEDLLYNINRYAHYIT	0
VGARPCGGFF	0
GIFWAQ	0
LRSLVASSG	0
GFWTTAAEGLKKFAKAGLASILNPK	0
GFLDIIEKIAKSW	0
GIGAVLIVLTTGLPALISWIKRKRQQ	0
SEDLQMTVI	0
VEAKQARSDIEKLKEAIRDTNKAVQSVQSSIGNLI	0
RRRRRRRRRRRRRRR	0
FLSTIWNGIKSLL	0
YGLCGFL	0
ACRDRFRNCPADEALCG	0
WVWVPAFCQAVGWGDPITHW	0
DSVCASYF	0
LLCGNLLIL	0
MLWYTVYNI	0
GFGSLLGKALRLGANVL	0
FAKLF	0
IKIWFQNRRMKWKK	0
YGGFM	0
MIIFRIAATHKK	0
RRKKAAVALLPAVLLALLAP	0
YNQSLLQGYRYW	0
KNLRRIIRKIIHIIKKYG	0
LDWKY	0
ILGKLLSTAWGLLSKL	0
ERKKRRRE	0
GNLWATGHFM	0
KRIPNKKPGKKTTTKPTKK	0
CRKKRRQRRR	0
MIIARDLIS	0
GTKWLTEWIPLC	0
LTCDLLSFEAKGFAANHSLCAAHCLAIGRKGGACQNGVCVCRR	0
RWRKRWRKWRWRKRWRK	0
LEAIPCSIPPCFLFGKPFVF	0
PRFWEYWLALME	0
DLRNIFLKIKFKKK	0
FLWEDQTLL	0
FVQWFSKFLGKIL	0
YNPCANY	0
FLPLIGKILGTIL	0
CDFIF	0
TSYKFESV	0
FAKIIAKIAKKI	0
WRWRKRWRK	0
CCAQK	0
LEAIPCSIPPCVGFGKPFVF	0
KCCKWRWRCK	0
SSACVWCV	0
LKLLLLKLLKLKLWK	0
VMAPRTLLL	0
SVIGFIQRM	0
FPPFG	0
RRKKAAVALLKAVLLAALAP	0
RRRRRRRRRR	0
KGKKIFIMK	0
RWCVYAYVRVRGVLVRYRRCG	0
KLLKLLLKLWKKLLKLLK	0
YKPRRKRAAIHVMLALATVLSI	0
TPEGIIPAL	0
LFRLIKSLIKRLVSAFK	0
GFFALIPKIISSPLFKTLLSAV	0
YQLLIRMIYKNA	0
QIISRDLISH	0
RLTRKRGLK	0
CDVIALLCHLNT	0
LKLFKKILKFL	0
GYETVITQL	0
FHWWQTSPAHFS	0
GTGLPMSERRKIMLMMR	0
RRFWRRFRR	0
ILGKLLSTAAGLLSNL	0
VAVLVLGA	0
KLLKLLLKLLLKLLK	0
RGGRLCYCRRRFCVCY	0
FAKKLLAKALKL	0
CKFFD	0
FLSAITSLLGKLL	0
GGTIFDCGETCFLGTCYTPGCSCGNYGFCYGTN	0
KMWSKILGHLIR	0
KRWRKRWRKKRWRKRWRK	0
RRWFRRWRR	0
FLSLALAALPKLFCLIFKKC	0
EPNPDEFFGLM	0
ASTTTNYT	0
QPWGTCSESCGKGTQTRAR	0
YGRKKRRQRRR	0
DIIIIVGG	0
GNFRYLAPP	0
FISAIASFLGKFL	0
WCYCRRRFCVCVGR	0
RIPTGERVWDRGNVTLLCDC	0
YASPKSFRYPNGVLACT	0
EPGIAGFKGEQGPKGEPG	0
RTRKRWRKRTRKRGRK	0
KWKSFLKTFKSPARTVLYTALKPISS	0
GILKTIKSIASKVANTVQKLKRKAKNAVA	0
YSL	0
IELNKAKSDLEESKEWIRRSNQKLDSIGNWHQSST	0
TYLPTNASL	0
FLPIASLLGKYL	0
LLVVYPWT	0
GLPVCGETCTLGTCYTQGCTCSWPICKRN	0
IISAVVGIL	0
FAKLA	0
TFCGETCRVIPVCTYSAALGCTCDDRSDGLCKRNGDP	0
WEYVLLLFLL	0
KWKKFKKIGAVLKVL	0
CYFQNCPRG	0
RKRIRLVTKKKRRKRIRLVTKKKR	0
CDSCERCWYVWLILLRVRLRLLVSL	0
ARMILMTHF	0
IYSTVASSL	0
PIDISIELNKAKSDLEESKEWIRRSNQKLDSIGN	0
RRKKALLPAVLLALLAP	0
SIFTLVA	0
RQIKAWFQNRRMKWKK	0
ICIR	0
RQIKIWFQNRRMKWKKC	0
AQITAAVALVEAKQARSDIEKLKEAIRDTNKAVQS	0
YKQCHKKGGKKGSG	0
TWLRAIWDWVCTALTDFK	0
MIIYRDLAS	0
RLLRLLRLL	0
GLWSKIKTAGKSVAKAAAKAAVKAVTNAV	0
MIIYRD	0
IGNIPQYLKGLLGGILGIGL	0
ICGETCVGGTCNTPGCSCSWPVCTRNGLP	0
ILPWKWPWWPLRR	0
RGDFK	0
SRYSIGGNNGVT	0
RRCICTTRTCRFPYRRLGTCIFQNRVYTFCC	0
LLPALISWIKRKRQQ	0
FAKLLAKLAKAKA	0
PRAWEYWLRLME	0
MIIYRDLIS	0
KWKSFLKTFKSAVKTVLHTALKAISS	0
VRPPPVRLPPPVRKPPP	0
RRRRRRRRR	0
GLLSGILGAGKHIICGLSGLC	0
FALALKA	0
ARNQT	0
KPVSLSYRCPCRF	0
RPRTRLHTHRNR	0
GPRLGVRAT	0
GIIKKIIIKKI	0
QNRRMKWKK	0
FLPVIAGLLSKLF	0
FLPVIAGAANFLPKLFCAISKKC	0
YPENGFCRPA	0
YSQVNPITL	0
CHHNATHAC	0
LVTLVFV	0
CGRKKRRQRRRPPQ	0
PNGPWVWVPAFCQAVGWGDP	0
YCGFCSG	0
KGRKKRRQRRRPPQ	0
DRDDRDDRDDRDDRDDR	0
KIKLFKKWPKFLHLAKKF	0
ILPKKWPKLPWRR	0
CHHRRRRHHC	0
DICNAYF	0
GVCRCLCRRGVCRCICRR	0
ALSTGLIHL	0
QRGMI	0
GLLGPLLKIAAKVGKKLL	0
CAGAGTGGGAGAGGCAAGAC	0
ILPLKWPWWPWRR	0
KWAKKWKWFAKAAWKWYKK	0
NNMTWMEWDREINNYTSLIHSLIEESQNQQEKNEQE	0
YAKLLAKLAKKAL	0
SALLNVDNL	0
LPFEH	0
SRNAT	0
SDMPFEF	0
KAKLF	0
RRKKAAVAALPAVLLALLAP	0
VRLPPPVRLPPPVRPPP	0
EKGKKIFIMK	0
GWFDIIKKIASEL	0
SWLRDIWDWICEVLSDFK	0
SARMLGDVM	0
ALISAFSGS	0
DEEDAIAAY	0
KKLLKKLKKLLKKL	0
SYSMEHFRWGKPV	0
GVNASSSLF	0
LLLLDVAPL	0
SPNITVTLKKFPL	0
RRRRRRRW	0
FLSHIAGFLSNLF	0
VQIIYK	0
DSACVVGI	0
RRKLSQQKEKK	0
YTMNPRKLFDY	0
RCAVPYIL	0
AAAKAALNAVLVGANA	0
YSPWTNF	0
QYSDRRWCF	0
KLLLKLLKLLLKLLLKLLK	0
GILKTIKSIASKLKRKAK	0
KWKLFKKIPLKKF	0
FKCRRWQWRM	0
SRYWAIRTR	0
LEAIPCSIPPCLAFAKPFVF	0
GYGYGYGYGYGYGYGYKKRKKRKKRKKRKQQKQQKRRK	0
FKRLEKLFKKIWNWK	0
HHPHG	0
RFLVCWKQKIWGKARPSMCTRRARF	0
TAGSLQGQW	0
QWQRNMRKVR	0
LNWGAWLKHWWK	0
RPARPAR	0
SCASRCKGHCRARRCGYYVSVLYRGRCYCKCLRC	0
TSRCIFYRRKKCS	0
RIFGESVSLRVQDWEW	0
SLFGTFAKMALKGASKLIPHLLPSRQQ	0
DIIIVGG	0
KAQIRAMECNIL	0
RRKKLLPAVLLALLAP	0
KLAKLAK	0
LVLFYRPI	0
LKKLLKKLLKW	0
TSINFVKI	0
DAPIYTNV	0
RTRRNRRRVR	0
LCLR	0
TLLKKVLKAAAKAALNAVLVGANA	0
FKESWREARGTRIERG	0
GYKDGNEYI	0
GIWDTIKSMGKVFAGKILQNL	0
WDREINNYTSLIHSLIEESQNQQEKNEQELLELDKW	0
VCVR	0
APYAFEVVG	0
ILGKLLKTAAKLLSNL	0
KLIETYFSK	0
FLPRLGTEL	0
VSPVYPHGL	0
HCKFWH	0
IKWEYVLLLFLL	0
AVGIGALFLGFLGAAGSTMGARS	0
ALWMTLLKKVLKAAAK	0
GFKMALKLLKKVL	0
KIMAKPSKFYEQLRGR	0
YAFQAVG	0
GICRCICGKGICRCICGR	0
YAFSVVG	0
ANSPNIFGQWM	0
ARPAKAAATQKKVERKAPDA	0
FLPLIAGLIGKLF	0
AGPHNDMEI	0
QEAGNFERI	0
TGNYKALHPHNG	0
CAHNLTHAC	0
KWLNALLHHGLNCAKGVLA	0
CQNHHAKHGKVC	0
GMATKAGTAFGKAAKAIIGAAL	0
PESSQRPPL	0
GFGMALRLLRRVL	0
GLLSGTSVRGSI	0
FWGALAKGALKLIVSLFSSFSKKD	0
QARSDIEKLKEAIRDTNKAVQSVQSSIGNLIVAIK	0
KIPYIL	0
YRFSAR	0
HGVSGHGQHGVHG	0
RQIAIWFQNRRMKWKK	0
WWWWRRRRRRRR	0
RRNPYIL	0
WRWRKRWRKWRWRKRWRK	0
ATPFIECSGARGTCHYFAN	0
DPITRQWGD	0
DEREVSV	0
YAFFN	0
KKLLKWLKKLL	0
GFMKYIKPLIPHAVKAISKLI	0
GPWGDCSRTCGGGVQFSSR	0
RQIKIWFQNRRMK	0
GFGSKPLDSFGLNFF	0
YSPITNF	0
GVSKILHSAGKFGKAFLGEIMKS	0
FAKLFAKAFKKAL	0
GFMKYIGPLIPHAVKAIKKLI	0
HHHHHHHHRRRRRRRRRRRRRRR	0
SPWSPCSGNCSTGKQQRTR	0
LKWLLKWLK	0
FKLAFKLAKKAFL	0
FAKLLAKALKLKL	0
SMLKVLKNLGKVGLGFVACKINKQC	0
TPHPARIGL	0
GLWDSIKNFGKTIALNVMDKIKCKIGGGCPP	0
VGPSNSPTF	0
KWKKLLKKLLPLLKKLLK	0
FIGAIARLLSKIF	0
CYFQNCP	0
NNWGN	0
RWRKRGRKRWRKRGRK	0
YPWGF	0
LLLKLLKLLLKLLLKLLK	0
LLRIPQAIMDMIAGAHWG	0
SEWSDCSVTCGKGMRTRQR	0
PPYAFEVVG	0
AVGIGALFLGFLGAAGSTMGARSMTLTVQARQL	0
QQDEQQQQDE	0
ILSGAPCIPW	0
RTRKGRK	0
FLGALFKALSHLL	0
HRWRKRWRKWRWRKRWRK	0
LRKRKRLRK	0
SPWSPCSTSCGLGVSTRI	0
FAKLLALALKLKL	0
CINGVCWTV	0
KLKEAIRDTNKAVQSVQSSIGNLIVAIKSVQDYVN	0
FKVQNQHGQVVKIFHH	0
KWKLFKKIEKVGQNIRDGIIKAGPAVAWVGQATQIAK	0
AMVGT	0
ELNKAKSDLEESKEWIRRSNQKLDSIGNWHQSSTT	0
KKKKKKALFALWLAFLA	0
GIIKKIIKKI	0
GTKWLTEWIPLTAEAEC	0
KRIPNKKPGKKT	0
ARARARAR	0
FLPVLTGLTPSIVPKLVCLLTKKC	0
SGPSQKIQLV	0
TQTVYEWCGVATQLLAAYILL	0
YQLLIRAIYKNI	0
TLLTIDGGI	0
CDSDSDITWDQLWDLMK	0
LKWLLKWLL	0
FLPLIGAVLSGIL	0
RRKKAAVALLPAVLLAKLAP	0
KNGGGGASMI	0
CAESCVWIPCTVTALLGCSCSNNVCYNGIP	0
YEIVAGYI	0
LLQWLSKLLGRWL	0
SGRGKQGGKARAKAKTRSSRAGLQFPVGRVHRLLRKGC	0
CGYRGLCRRFCHAQEYIVGHHGCPRRYRCC	0
KFKKLAKKW	0
FAFVNAAHA	0
RRRRRRRR	0
SLSHSPQ	0
KLSGLGINAV	0
TSLDASIIWAMMQN	0
GIFSALAAGVKLLGNTLFKMAGKAGAEHLACKATNQC	0
LCYCRRRFCFCV	0
MAQDIISTIGDLVKWIIDTVNKFPKK	0
AVPDVAFNAYG	0
GRGDSPRR	0
RKKLAVLLALLA	0
GANYPFP	0
RGNVTLLCDCPNGPWVWVPA	0
FLRFIGSVIHGIGHLVHHIGVAL	0
KHMHWHPPALNT	0
TEWETGQI	0
RYAFEVVG	0
GTLTSAINR	0
NAGSLLSGWG	0
AAGLAMLFLGILSAAGSTMGARA	0
DAACAAHCLWR	0
PPPEE	0
YVGDLCGSV	0
NKWKKILGKIIKVVK	0
AYDAQGTLSK	0
LKLLKWLLKLL	0
AILPYFAGCL	0
CYCRIPACIAGERRYGTCIYQGRLWAFCC	0
YAFGYPK	0
VNHRFTLV	0
KAVYNFATA	0
EWDREINNYTSLIHSLIEESQNQQEKNEQELLELDK	0
AAFEFINSL	0
VANDPIDISIELNKAKSDLEESKEWIRRSNQKLDSD	0
KAKLFKKIPKFLHLWKKF	0
GKWKSLLKHILK	0
FAKLWAKLAKKL	0
GWGSFFKKAAAVGKAVGKAALTAYL	0
GRRDPKCQW	0
TSVITIELSNIKENKCNGTDAKVKLIKQELDKYKN	0
SWLRDIWDWICEVL	0
YGRKKRRQRRRTALDWSLWQTE	0
LGNWAREIWATLFK	0
KKAAQIRSQVMTHLRVI	0
HARIKPTFRRLKWKYKGKFW	0
RRRQRRKKRGYAGQWGESV	0
YGRKKRRQRRTALDWSWLQTE	0
GLAHSFSDFARDFVA	0
SWLRDVWDWVCTVLSDFK	0
FNGEKINYTEGRAVL	0
DPQILMGVLRSIRGFGVKL	0
GLFDIIKKVASVIGGL	0
FIFHIIKGLFHAGKMI	0
GWFEGWFNRSPWFTT	0
PPDVHTPPHALWRLHLSLRVCLVRMWIH	0
GLFDIAKKVIGVIGSL	0
RGDLLRHVVKILSKYL	0
GLFDVIKAVASVIGGL	0
YGRKKRRQRRGVPRGLYDGVCEV	0
ACHGRRWGCGRHRGRCG	0
RIDLGPPISLERLDVGTNLGNAIAKLEDAKELLES	0
VGGRCHPHVNGGGRRRRRRRRR	0
CTELKLNDY	0
FAKKLAKKLKKLAKLALAL	0
DSHEERRQGRHGHHEYGRKFHEKHHSHRGY	0
AKKVFKRLEKLFSKIQNDK	0
VNWKKLLGKLLKVVK	0
TTITGKKCQSWAAMFPHRHSKT	0
FAKKFAKKFKKFAKKFAKFAFAF	0
SRTVRKTSRLWSSLSLNTCNNVHSKS	0
NVLLSPLSVATALSALSLGAEQRTES	0
ELALELALEALEAALELA	0
VVCACRRALCLPLERRAGFCRIRGRIHPLCCRR	0
GLLGPLLKIAAKVGSNLL	0
FIFHIIKGLFHAGKMIHGLVTRRRH	0
CRQIKIWFQNRRMKWKKKLAKLAKKLAKLAK	0
FKLGSFLKKAWKSKLAKKLRAKGKEMLKDYAKGLLEGGSEEVPGQ	0
YTSLIQSLIEESQNQQEKNEQQLLELDKWASLWNWF	0
KWKLFKKIPHLAKKF	0
MTWMEWDREINNYTSLIHSLIEESQNQQEKNEQELL	0
PTLGNWAREIWATLFKKA	0
VALDPIDISIELNKAKSDLEESKEWIRRSNQKLDSI	0
ARCSDRFRNCPADEALCGR	0
EQLSFTSIGILQLLTIGTRSCWFFYCRY	0
MKKISKFLPILILAMDIIIIVGG	0
LLIILRRRIRKQAHAASK	0
KLALKLALKALKAAKLA	0
ERKVDFLEENITALLEEAQIQQEKNMYELQKLNSW	0
GLKKLLGKLLKKLGKLLLK	0
PAWRKAFRWAKRMLKKAA	0
GFMDTAKNVAKNVAVTLLDNLKCKITKAC	0
GRRHHCRSKAKRSRHH	0
KRIPNKKPGKKTTTKPTKKPTIK	0
FAKKLAKKLKKLAKKLAK	0
FAKKLAKKLKKLAKKLAKKWKL	0
GLMSLFRGVLKTAGKHIFKNVGGSLLDQAKCKITGEC	0
FALALKALKKALKKLKKALKKAL	0
QLALQLALQALQAALQLA	0
YTSLIHSLIEESQNQQEKNEQELLELDKWASLANWF	0
ALWMTLLKKVLKAAAKAALDAVLVGANA	0
PAWRKAFRWAWRMKKLAA	0
PAWRKAFRWAWRMLKKAA	0
LMMLILAMNRKDKKKEKK	0
FLPVLAGIAAKVVPALFCKITKKC	0
GIWSSIKNLASKAWNSDIGQSLRNKAAGAINKFVADKIGVTPSQAAS	0
FLGALFKVASKVLPSVKCAITKKC	0
AGWGSIFKHIFKAGKFIHGAIQAHND	0
AKWVGDLTLCRWR	0
RGGRLCYCRRRFCICV	0
KSHAHAQKRIRRRLIILL	0
LLIILRRRIRKQAHAHSA	0
FLGLLFHGVHHVGKWIHGLIHGHH	0
YLFNWAVRT	0
KLAKKLAKLAKLAKAL	0
HYRIKPTARRLKWKYKGKFW	0
ACGRGRGRCRGRGRGCG	0
KWKSFLKTFKSAKKTVAHTALKAISS	0
GLWRALWRALRSLWKLKRKV	0
MGLGLHLLVLAAALQGAKKKRKV	0
FFHHIFRGIVHVGKTIHRLVTG	0
GLFKVLGSVAKHLLPHVVPVIAEK	0
KLIKGRTPIKFGK	0
RARRSLLIASALCTSDVAAATNADLRTALARADHQKTLFWL	0
FALKALKKLKKALKKAL	0
PAWRKAARWAWRMLKKAA	0
DREINNYTSLIHSLIEESQNQQEKNEQELLELDKWA	0
LHRIDLGPPISLERLDVGTNLGNAIAKLEDAKELL	0
GLFDVIKKVASVIKKL	0
MIIYRALISHKK	0
FLTGIGIITV	0
NQTKDLQQKFYEIIMDIEQN	0
DPFFKVPVNKLAAAVSNFGYDLYRVRSSTSPTTN	0
YTSLIHSLIEESQNQQEKNEQELLELDKWASPWNWF	0
WFKKIPKFLHLLKKF	0
LKLLKKLLKKLLKLL	0
SGRGKQGGKARAKAKTRSSRAGLQFPVGRVHRLLRKG	0
DLGPPISLERLDVGTNLGNAIAKLEDAKELLESSD	0
FFPMLAGVAARVVPKVICLITKKC	0
TTWEAWDRAIAEYAARIEALIRAAQEQQEKLEAVLREL	0
WLKLLKKWLKLWKKLLKLW	0
MGLGLHLLVLAAALQGAWSQPKKKRKV	0
EMRLSKFFRDFILQRKK	0
FLPIIASVAAKVFSKIFCAISKKC	0
LERLDVGTNLGNAIAKLEDAKELLESSDQILRSMK	0
WRLGAIPPLV	0
EGPTLGNWAREIWGTLFKKA	0
KITLKLAIKAWKLALKAA	0
FLFRVASKVFPALIGKFKKK	0
SRRHACRSKAKRSRHH	0
FLIFIRVICIVIAKLKANLMCKT	0
YTSLIHSLIEESQNQQEKNEQELLELDKWASLWNWF	0
FLGGLMKAFPAIICAVTKKC	0
GRKLKKKKNEKEDKRPRT	0
GRGDSPRRKKKKSPRRKKKKSPRR	0
FLPILASLAATLGPKLLCLITKKC	0
QRTESIIHRALYYDLIS	0
RGSRRAVTRAQRRDGRRRRRSRRESYSVYVYRVLRQ	0
FAKAIAKIAFGKGIGKVGKKLL	0
QEPHRHSIFTPQTNPRADLEKN	0
LLGGILGIGLGVLLLILCLP	0
EMRLPKILRDFIFPRKK	0
VKRFKKFFRKLKKSV	0
TEISFKLGQEF	0
GFGSLFKFLAKKVAKTVAKQAAKQGAKYIANKQTE	0
GRQLRIAGKRLRGRSK	0
SWLRDIWDWISEVLSDFK	0
FVDLKKIANIINSIFKK	0
ACSHSGWGCGHGSWSCGRRRRRRRR	0
FLKLLKKFLKLFKKLLKLF	0
LAIILRRRIRKQAHAHSK	0
AAKKWAKAKWAKAKKWAKAA	0
ARRCSDRFRNCPADEALCGRR	0
LGPPISLERLDVGTNLGNAIAKLEDAKELLESSDQ	0
GLFDIVKKIAGHIA	0
GFFSTVKNLATNVAGTVIDTLKCKVTGGCRS	0
DSRIRMGFDFSKLFGK	0
VNWKKILKKIIKVVK	0
LILIGRRRRRRRRGC	0
FLSSRLQDLYSIVRRADRAA	0
GLWRALWRGLRSLWKKKRKV	0
SFAIKWEYVLLLFLL	0
EMRISRIILDFLFLRKK	0
VSFAIKWEYVLLLFL	0
RRRRRRRCCKNYKKTEV	0
KWKKFLKIGIGKFLHLAKKF	0
KSTVGQKLKKKLNQAVDKVKEVLNKSEYMCPVVSSFCKQHCARLGKSGQCDLLECIC	0
KWKSFAKTFKSAKKTVLHTALKAISS	0
FAKKLAKKLKKLAKKLIGAVLKV	0
GLFDIVKKVVGAFGSL	0
CTELKLSDY	0
AAVALLPAVLLALLAPRKKRRQRRRPPQC	0
GLLSVLGSVAKHVLPHVVPVIAEHL	0
GLFDIVKKVVGAIGSL	0
FKAQKAKANKAVD	0
FYDPLVFPSDEFDASISQVNEKINQSLAFIRKSDE	0
SQETFSDLWKLLPEN	0
KLLRLLKKLLRLLLK	0
MIIFKIAASHKK	0
ALWKTLLKNVGKAAGKAALNAVTDMVNQ	0
EGPTLGNWAREIWAGLFKKA	0
SGSLSTFFRLFNRSFTQAGK	0
GLWRALWRGLRSLWKLKRKV	0
PAWFKARRWAWRMLKKAA	0
KLALKLALKAWKAALKLA	0
RAGLQFPVGRLLRRLLRRLLR	0
EGPGLGNWAREIWATLFKKA	0
VAKKFAKKFKKFAKKFAKFAFAF	0
RRLHLEPAFLPYSVKAHECC	0
YGRKKRRQRRRGCYGRKKRRQRRRG	0
FAVGLRAIKRALKKLRRGVRKVAKDL	0
VYINKLTPPCGTMYYACEAV	0
GLFGVLAKVAAHVVPAIAEHF	0
KAAKKAWKAAKKAAKWWKKAA	0
FWGHIWNAVKRVGANALHGAVTGALS	0
KALAALLKKLAKLLAALK	0
YTSLIHSLIEESQQQQEKNEQELLELDKWASLWNWF	0
MAGNSSNFIHKIKQIFTHR	0
YVSGKARGWFYRHHYESPHPRISSEVHIPLGDARLV	0
YTSLIHSLIEQSQNQQEKNEQELLELDKWASLWNWF	0
YWLKLLKKWLKLWKKLLKLW	0
EGPTGGNWAREIWATLFKKA	0
RGLRRLGRKIAHGVKKYGATVLRIIRIA	0
ALWKTIIKGAGKMIGSLAKNLLGSQAQPES	0
DAEFRHDSGYEVHHQKLVFFAEDVGSNKGAIIGLMVGGVV	0
EGPTLGNWARGIWATLFKKA	0
KKQSKPVTTPEEIA	0
ELKRKMIYM	0
RWGKWFKKATHVGKHVGKAALTAYL	0
VAKKLAKLAKKLAKLAL	0
CGGNNLLRAIEAQQHLLQLTVWGIKQLQARILAVERYLKDQ	0
NVWKKILGKIIKVVK	0
LIIFRILISHRR	0
CWKKKKKKKKKKKKKKKKKK	0
ITCPQVTQSLAPCVPYLISG	0
GFKDWIKGAAKKLIKTVASSIANQ	0
KILRGVAKKILRTFLRRISKDILTGKK	0
HSDATFTAEYSKLLAKLALQKYLESILGSSTSPRPPSS	0
CRQIKIWFPNRRMKWKKC	0
SWLRDLWDWLCEVLSDFK	0
YGRKKRRQRRRKLSSIESDV	0
LLKLLKKLLKLLKKLLKLL	0
CTGAAGGTGCTGTCCCAGAT	0
SIWRDWVDLICEFLSDWK	0
LQKWEDWVRWIGNIPQYLKG	0
EGGTLGNWAREIWATLFKKA	0
WELVVLYGRKKRRQRRR	0
GLWRALWRLLRSLWRLLWSQPKKKRKV	0
FAKKLAKKLAKLAL	0
ALYKKFKKKLLKSLKRL	0
LGGIVSAVKKIVDFLG	0
KSICKTIPSNKPKKK	0
HGEGTFTSDLSKQMEEEAVRLFIEWLKNGGPSSGAPPPS	0
YDHIQDHVNTMFSRLATSWCLLQNKERALWAEAA	0
TRQCRRGRIWKRWNETITGP	0
RLYKTLGQL	0
SWLRDIWDWSCEVLSDFK	0
FALAAKALKKLAKKLKKLAKKAL	0
SWLDDIWDWICEVLSDFE	0
LIHSLIEESQNQQEKNEQELLELDKWASLWNWFNIT	0
FLPILAGLAAKIVPKLFCLATKKC	0
MWKEFHNVLSSGQLLADKRWARWYNRW	0
YGRKKRRQRRRREADFFWSLCTADMS	0
GLFSVLGAVAKHVLPHVVPVIAEKL	0
KKDGKKRKRSRKESYSVYVYKVLKQ	0
SIELNKAKSDLEESKEWIRRSNQKLDSI	0
WMNRLIAFA	0
FGLPMLSILPKALCILLKRKC	0
FLSLLPSIVSGAVSLAKKL	0
KILRGVAKKIMRTFLRRILTGKK	0
RLRLRLRLRLRLRLRLKNNKNNKNNKNNKKKKKKKGYK	0
LQVYGDGDHNGLYADNVN	0
AGAGTGATAIGMVTQYHQVL	0
FVLPLVMCKILRKC	0
EGPTLGNWAGEIWATLFKKA	0
NGIGVTQNVLYENQKQIANQFNKAISQIQESLTTTSTA	0
VIFEWTLLQVLSESDQDQSLEVFLT	0
KWKLFKKILKFLHLAKKF	0
ADTLEQQNKEANNRA	0
KLAAALLKKWKKLAAALL	0
GFGALFKFLAKKVAKTVAKQAAKQGAKYVVNKQME	0
MWKWFHNVLSSGQLLADKWWAWWYNWW	0
KWKKLLKKPPPLLKKLLKKL	0
RVRVFVVHIPRLT	0
KILRGVAKKIMRTFLRRISKDILTGKK	0
KWKVFKKIEKMGRNIRNGIVKAGPAIAVLGEAKAL	0
NYTSLIHSLIEESQNQQEKNEQELLELDKWASLWNW	0
KWKLFKKIGIGKFLHLAKKF	0
RSRGRLRRGAIRLQRG	0
SRRHHCRSKAKRARHH	0
NEYHGFVDKANNENKRKKQQGRDDFVVKPNNFANRRRKDDYNENYYDDVDAADVV	0
GLFDVIKKVASVIGGL	0
WDLVVVSAGVAEVGV	0
GFFALIPKIISSPLFKTLLSAVGSALS	0
YTSVITIELSNIKENKCNGAKVKLIKQELDKYK	0
GRFKRFRKKFKKLFKKLSPVIPLLHLG	0
FLPLLAGLAANFLPTIICKISYKC	0
FVKLKKILNIILSIFKK	0
LLAGLAANFLPTIICKISYKC	0
KVDISSQISSMNQSLQQSKDYIKEAQRLLDTVNPSL	0
FEAQKAKANKAVD	0
SRAHHCRSKAKRSRHH	0
FDASISQVNEKINQSLAFIRKSDELLHNVNAGKST	0
YISWCLWW	0
SARHHCRSKAKRSRHH	0
ACRGRGRRCGSGRRSCG	0
YSVENVGLL	0
ELYENLPRRPYIL	0
RKKRRQRRRGGGKLLKLLLKLLLKLLK	0
SEEPPISLDLTFHLLREVLEMARAEQLAQQAHSNRKLMEII	0
LLGMIPLAISAISALSKL	0
AAWKWAWAKKWAKAKKWAKAA	0
KWKLFKKIGIGAFLHLAKKF	0
KWKLFKKIGIGAVLKVLTTG	0
WMEWDREINNYTSLIGSLIEESQNQQEKNEQELLE	0
GLRKRLRKFRNKIKEK	0
KALAALLKKWAKLLAALK	0
KLLAKAALKWLLKALKAA	0
RKVDFLEENITALLEEAQIQQEKNMYELQKLNSWD	0
YQQILTSMPSRNVIQISNDLENLRDLLHVL	0
LLIALRRRIRKQAHAHSK	0
GLLQTIKEKLESLESLAKGIVSGIQA	0
KCFQWQRNMRKVRGPPVSC	0
ALFSILRGLKKLGNMGQAFVNCKIYKKC	0
LKKLLKLLKKLLKLAG	0
LLIILRARIRKQAHAHSK	0
DFDMLRCMLGRVFRPCWQY	0
FVKLKKILNIINSIFKK	0
IDLGPPISLERLDVGTNLGNAIAKLEDAKELLESS	0
MYTYFSNTIL	0
SRRAHCRSKAKRSRHH	0
ALWKNMLKGIGKLAGQAALGAVKTLVGAE	0
PAWRKARRWARRMKKLAA	0
KRAKAAGGWSHWSPWSSC	0
CREKAKKLFKKILKKL	0
GKRARNTEAARRSRARKL	0
PDEDAINDALNKVCSTGRRQRSICKQLLKK	0
RLRLRLRLRLRLRLRLKLLKLLKLLKLLKKKKKKKGYK	0
AVLDILKDVGKGLLSHFMEKV	0
ARQMVQAMRTIGT	0
PDYLLVPEEVMEYKPRRKRAAI	0
VYWKKILGKIIKVVK	0
ETWRTEAPSATGQASSLLGGRLLGQ	0
CSANNSHHYI	0
FALAKLAKKAKAKLKKALKAL	0
AAVACRICMRNFSTRQARRNHRRRHRR	0
HLRKVILSEISFHLV	0
FLGSIVGALASALPSLISKIRN	0
WMHHNMDLI	0
YSSYSAPVSSSLSVRRSYSSSSGS	0
SGSLSTFFRLFNFSFTQALGK	0
KTKLFKKFAKKLAKKLKKLAKKL	0
PAWFKARRWAWRMKKLAA	0
PKKKRKVALWKTLLKKVLKA	0
ELYENKPRRPYIL	0
IKPEAPGEDASPEELNRYYASLRHYLNLVTRQRY	0
KWKSFAKTFKSAKKTVAHTALKAISS	0
GLFDIVKKIAGHIAGSI	0
MRGIRGADFQAFQQARAVGLAGTFR	0
SGSLSTFFRLFNRSFTQALGA	0
GLLDTFKNLALNAAKSAGVSVLNSLSCKLSKTC	0
NGKQVCLDPEAPFLKKVIQKILDS	0
QMWKCLIRL	0
RRRRRRRRRRRRRRRRGC	0
VRRFLVTLRIRRA	0
LPRRLHLEPAFLPYSVKAHEC	0
GIGAVLKVLTTGLPALISWIKRKRQQ	0
ARRRRCSDRFRNCPADEALCGRRRR	0
PPVYTKDVDISSQISSMNQSLQQSKDYIKEAQKILDTVNPSL	0
RQLRIAGRRLRGRSR	0
DRRDPRGIIGIGKKLFG	0
ALWDTLLKKVLKAAAKAALDAVLVGANA	0
GRKKRRQRRRGGLQGRRRQGYQSIKP	0
ALSKALSKALSKALSKALSKALSK	0
KWKLFKKIGIGAFLHSAKKF	0
RQIKIWFPNRRMKWKK	0
YTSLIHSLIEESQNQQEKLEQELLELDKWASLWNWF	0
YILEETSVM	0
YGRKKRRQRRRARSRLAELRGVPRGL	0
AHHPIWARMDA	0
WKLFKKIPKFLHLAKKF	0
FLSLIPHIVSGVAALAKHL	0
KLALKAALKAWKAAAKLA	0
SGSLSTFFRLFNRSFTQALK	0
YTSLIHSLIEESQNQQEKNEQELLEFDKWASLWNWF	0
GLFSVLGAVAKHVLPHVVPVIAEK	0
WRWRWRWRWRWRWR	0
WLGNIIMYA	0
WQEWERKVDFLEENITALLEEAQIQQEKNMYELQK	0
EGPTLGNWAREIWATLGKKA	0
ALKAALLAILKIVRVIKK	0
TTWEAWDRAIAEYAARIEALIRAAQELQEKLEAALREL	0
LLIIARRRIRKQAHAHSK	0
GLFGVLGSIAKHVLPHVVPVIAEK	0
GFKDLLKGAAKALVKTVLF	0
YTSLIHSLIEESQNQQEKNEQELLELDKWASLWNSF	0
LLIILRRRIRAQAHAHSK	0
GFFKKAWRKVKHAGRRVLDTAKGVGRHYVNNWLNRYR	0
KMIFVGIKKKEERA	0
FFSLLPSLIGGLVSAIK	0
RAGLQFPVGRVHRLLRK	0
MPKEKVFLKIEKMGRNIRN	0
FAKLLAKLAKKFAL	0
TTWEAWDRAIAEYAARIEALIRAAQEQQEKNEAILREL	0
AAVALLPAVLLALLAPRKKRRQRRRPPQ	0
RKAFRWAWRMLKKAAPSITCVR	0
ACSGSGSGCGSGSGSCGRRRRRRRR	0
WIIFRIAAYHKK	0
KWKLFKKISKFLHLAKKF	0
ALWMTLLKKVLKAAAKAALNAVLVGANA	0
NGRKISLDLRAPLYKKIIKKLLES	0
SGSLSTFFRLFNASFTQALGK	0
GLFAVIKKVASVIGGL	0
KAQIRAMECNILGRKKRRQRRR	0
FALALKALKKLAKKLKKLAKKAL	0
ALWKTMLKKLGTMALHAGKAALGAAADTISQGTQ	0
YGRKKRRQRRRSFNSYELGSL	0
FKLFKKIPKFLHLAKKF	0
GLFDIIKKVASVVGGL	0
KLALKLALKALKAALK	0
SWLRDLWDWICELLSDFK	0
SGSLSTFFRLFLRSFTQALGK	0
KAAKKWAKAWKKAAKAWKKAA	0
KWKLFKKIGPGKFLHSAKKF	0
ACRRSRRGCGRRSRRCG	0
MIIYRIAASHKK	0
GLFAVIKKVAAVIKKL	0
SWLRDVWDWVCTILTDFK	0
GLFAVIKKVAKVIKKL	0
KWKSFLKTFKSLKKTVLHTLLKAISS	0
WLKYLLKKWLKLWKKLLKLW	0
PLVFPSDEFDASISQVNEKINQSLAFIRKSDELLH	0
LGLLLRHLRHHSNLLANI	0
