YPFPG	1
YAFFN	1
PYRHP	1
YPWKF	1
CCAQK	1
YGGFLR	1
RKPWLL	1
VQILYK	1
DGGLAG	1
YAFQAVG	1
YGGFLRC	1
YCGFCSG	1
NTGSPYE	1
CDTPPVC	1
SYPGWSW	1
RCAVPYIL	1
ASTTTNYT	1
CYFQNCPR	1
VVYPWTQRF	1
CYIQNCPLG	1
MELANTANII	1
VQQLTKRFSL	1
FYPENGFPEN	1
YPENGFPENFA	1
RLTRKRGLKLA	1
RLSSVDSDLSGC	1
SRYSIGGNNGVT	1
YNQSLLQGYRYW	1
YAGCLFNHFGAY	1
CDIFTNSRGKRA	1
HLNILSTLWKYR	1
MRWFFSHASQGR	1
YGGFLRRIRPKLK	1
MPEGYPENGFPEN	1
DVQPPGLKVWSDPF	1
RQIKIWFQNRRMKWKK	1
CGFLGGRRRGFGGIGGC	1
VRLPPPVLPPPVRLPPP	1
LLIILRRRIRKQAHAHSK	1
RGGRLSYSRRRFSTSTGR	1
TFFYGGSRGRRNNFRTEEY	1
DFDMLRCMLGRVFRPCWQY	1
DPQILMGVLRSIRGFGVKL	1
GANNNRPVYIPRPRPPHPRL	1
YGRKKRRQRRRCSEPTLDVKI	1
YGRKKRRQRRRSFNSYELGSL	1
FNAPFDVGIKLSGVQYQQHSQAL	1
YGRKKRRQRRRCCPGECVRTRRR	1
CKGKGAKCSRLYDCCTGSCRSGKC	1
YGRKKRRQRRRVIKPLTKSYQGSGK	1
YGRKKRRQRRRARSRLAELRGVPRGL	1
SGSWLRDVWDWICTVLTDFKTWLQSKL	1
RPGPPGLQGRLQRLLQANGNHAAGILTM	1
DQSRPVQPFLNLTTPRKPRPPRRQRRKKRG	1
YGGFM	1
VPDPR	1
SVHGV	1
YPWGF	1
CKFFD	1
YAGFNA	1
MEHFRW	1
VQITYK	1
DVAKVS	1
YAFQVVG	1
YPENGFC	1
YTGFLSN	1
AGILKRW	1
MEHFPGP	1
YACHCFF	1
NFDVLTEQ	1
FCYWKVCT	1
CAVRPYIL	1
RRYAFEVVG	1
CYFQNCPRG	1
YWAGGDASGE	1
YSMVFVGIKL	1
FCYWKVCWNH	1
YGRRARRRRRR	1
GFVRFRLSNTR	1
RPRTRLHTHRNR	1
THRPPMWSPVWP	1
YPENGPFFPENF	1
RKRIRLVTKKKR	1
DMTDCITFNMKN	1
DAAESVLVGTVR	1
PYRHWSYGLRPG	1
TNHRPPMWSPVWP	1
ELYENLPRRPYIL	1
KLFMALVAFLRFLT	1
PACAPYGRKKRRQRRR	1
VRLPPPVRLPPPVRPPP	1
LRKLRKRLLLRKLRKRLL	1
GLWEDLLYNINRYAHYIT	1
VDKPPYLPRPRPPRRIYNR	1
TFFYGGSRGKRNNFKTEEY	1
CTFFYGGSRGKRNNFKTEE	1
YGRKKRRQRRRKLSSIESDV	1
NSRQIKIWFQNRRMKWKKGSS	1
YGRKKRRQRRRGEPHRFRREW	1
YGRKKRRQRRRTALDWSLWQTE	1
YKVNEYQGPVAPSGGFFLFRPRN	1
RRRRRRRRRARSRLAELRGVPRGL	1
PTLHTHNRRRRRRPRTRLHTHRNR	1
CKGKGACRKTMYDCCSGSCGRRGKC	1
GRKKRRQRRRGGLQGRRRQGYQSIKP	1
HSDAVFTDNYTRLRKQMAVKKYLNSILN	1
IKPEAPGEDASPEEASLRHYLNLVTRQRY	1
DQSRPVQPFLNLTTPRKPRPPRRRQRRKKR	1
YGGFL	1
SKDYN	1
EHFKF	1
YRKAG	1
CGKRK	1
YAGFLL	1
YAGFLR	1
VQIVYK	1
CWDPVL	1
YAFSAVG	1
YPWTQRF	1
YAFDVVG	1
YAFEVVG	1
NTGSPYE	1
LVVYPWT	1
NAPVSIPQ	1
FCFWKTCT	1
HRPYIAHC	1
PPYAFEVVG	1
APYAFEVVG	1
YCYCLAGFNA	1
RRLSYSRRRF	1
FCYWKVCTNH	1
YGRKKRRQRRR	1
FCYWRTPENTN	1
RRPAPLIMFRMI	1
VAARTGEIYVPW	1
YPENGPIFPENF	1
ISNRSHKGLMVG	1
DSSHAFTLDELR	1
KISHLLNYRTWL	1
PWVPSWMPPRHT	1
THRPPMWSPVWPN	1
ELYENKPRRPYIL	1
RLLRLLRRRRRRRR	1
RQIKIWFQNRRMKWKK	1
VRPPPVRLPPPVRLPPP	1
YAGFLRSSRRLSYSRRRF	1
RGGRLSYSRRRFSTSTGR	1
TFFYGGCRGKRNNFKTEEY	1
GKPRPYSPRPTSHPRPIRV	1
YGRKKRRQRRRLPGKETMA	1
GKPRHYPYSPRPTSHPRPIR	1
CSCSSLMDKECVYFCHLDIIW	1
YGRKKRRQRRRGEPHKFKREW	1
HGLASTLTRWAHYNALIRAFGGG	1
YGRKKRRQRRRRVCACPGRDRRT	1
YGRKKRRQRRKEIVSRNKRRYQED	1
RKRIRLVTKKKRRKRIRLVTKKKR	1
CKGKGAKCSRLMYDCCTGSCRSGKC	1
GRKKRRQRRRCRRGGSLKAAPGAGTRR	1
DAEFRHDSGYQVHHQKLVFFAEDVGSNK	1
GRKKRRQRRRPPRPKRPTTLNLFPQVPRSQ	1
HADGTYTSDVSTYLQDQAKDFVSWLKSGRA	1
YAGFL	1
SHAVS	1
PGPLP	1
YPLGK	1
PFVYLI	1
VVYPWT	1
IGTLTT	1
KIPYIL	1
GANYPFF	1
YAFSVVG	1
YAFGYPK	1
YACPCFF	1
CYFQNCP	1
SGTQEEY	1
TPPVSHAV	1
LLVVYPWT	1
DYMGWMDF	1
YPENGFPEN	1
KLSSIESDV	1
NPNDKYEPF	1
YPENGFPENF	1
LRKLRKRLLR	1
SGRKSSKMQA	1
RRRRRRRRRRR	1
YGRKKRRQRRR	1
RSTASTSYPFFF	1
YAWGGGWVLQWF	1
FCYWRNTPENTN	1
PYRNCPHRCPRG	1
GLHTSATNLYLH	1
KKPYILKKPYIL	1
QSHYRHISPAQV	1
PWVPSWMPPRHTN	1
SYSMEHFRWGKPV	1
AGCKNFFWKTFTSC	1
YASPKSFRYPNGVLACT	1
VRPPPVRLPPPVRKPPP	1
VRLPPPVKLPPPVRLPPP	1
LQVYGDGDHNGLYADNVN	1
HGLASTLTRWAHYNALIRA	1
LYVLHSRGLWGFKLAAALE	1
RRRQRRKKRGYAGQWGESV	1
HGLASTLTRWAHYNALIRAF	1
AGYLLGKINLKPLAALAKKIL	1
KPASADGHRGYGRKKRRQRRR	1
TEELRVRLASHLRKLRKRLLRDA	1
YGRKKRRQRRGVPRGLYDGVCEV	1
YGRKKRRQRRRKKNRNKLRRQHSY	1
RPRTRLHTHRNRRPRTRLHTHRNR	1
YGRKKRRQRRRMKSNGSFPVNRRRMD	1
HSDGIFTDSYSRYRKQMAVKKYLAAVL	1
GSSFLSPEHQKAQQRKESKKPPAKLQPR	1
CLSGSSCSHYPTSYNCCRSCNHYPYSRKCR	1
CLHYTVDKSKPK	0
LIHSLIEESQNQQEKNEQELLELDKWASLWNWFNIT	0
QPWGTCSESCGKGTQTRAR	0
STGFYLCTARSSLGS	0
DTAVTGLASPLSTGKILDQKAYSCANRLIVLCIENSFMTDARK	0
FENNQRCMCEALQQIMENQS	0
ALLSTNKAVVSLSNGVSVLTSKVLDLKNYIDKQ	0
GINTIPIAINEAEYV	0
ESVFSKIGNAVGPAAYWILKGLGNMSDVNQADRINRKKH	0
TARLQLEARLQHLVAEILEREQSLALHALGYQLAFV	0
DSFIADLVVGLSTGQ	0
VTHESYQELVKKLEALEDAV	0
PETLGHEI	0
LDVAEGDTVIYSKYG	0
TQWTSCSKTCNSGTQSRHR	0
RVRSWLGRQLRIAGKRLEGRSK	0
LKLIETHLRTIPSHAFSNL	0
ALKELPLLKFLGIFNTGLKM	0
TTWEAWDRAIAEYAARIEALIRAAQEQQEKNEAILREL	0
CGKYLFNWAVRTKLKLT	0
GPAGPAGER	0
RQIKIWFQNRAMKWKK	0
CGGKDCERRFSRSDQLKRHQRRHTGVKPFQ	0
AVALVEAKQARSDIEKLKEAIRDTNKAVQSVQSSI	0
LRVRLASHLRKLRKRLLRDADDLQKRLAVY	0
FFVRSIGSKGGKLAAGKYTDAVTV	0
KVLHLEGEVNKIALLSTNKAVVSLSNGVSVLTS	0
MATTYEEFAAKLDRLDEEFN	0
KRIPNKKPGKKTTTKPTKKPTIKTTKKDLK	0
ALASPGSCLEEFRASPFLEC	0
GINHEKYNSSQTIVSNAS	0
RQIKIWFQNRRMKWKKC	0
RQIKIWFQ	0
KGSKKAVTKAQKKDGKKRKRSRKESYSVYVYKVLKQ	0
MNPNQKIITIGSISIAI	0
NHFTLKCPKTALTEPPTLAY	0
HCLGKWLGHPDKFVGI	0
DSDVGEFRAVTELGRPDAEY	0
SKRKSRPVSVKTFEDIPLEEP	0
VGKMYFMLIDTKCYK	0
NVLESDLIPYKDLTSSNY	0
AARLFKAFILDG	0
GGPPFTPTQKRKMAGTI	0
LEAIPCSIPPCFAFNKDFVF	0
WNEKYAQAYPNVS	0
LMTERVFRITASMAHNR	0
CENIVEKYGAKIVSA	0
DLWIRETLTSPKSLTG	0
AGELQIIDKIDAAFKVAA	0
DVKMMERVVEQMCVT	0
TLTEAAQLAPPIYPP	0
FLSLIPSLVGGSISAFK	0
ARCSDRFRNCPADEALCGR	0
AGAGTGATAIGMVTQYHQVL	0
KCFQWQRNMRKVRGPPVSCIKR	0
QNKEANNRAEKSEEE	0
MQDPEALPTEQTATD	0
YLEASGAMKASQWFK	0
QKFSEHFSIHCCPPFTFLNSKR	0
VNGENLVGDDVVLAT	0
GDSEDMVCTPKSDEFNPCEDI	0
TKCRRWQRNMRKVRGPPVSCIKRDS	0
CYSAAKYPGFQEFINRKYKSSRF	0
ATEGQVRVNSIYQDK	0
AKRLDACQDQLLE	0
KHLLATSPKLAKYLS	0
KDAGISVSEIDHVVLV	0
VEALFLLMKADPSIH	0
GVYRSLKKQLENNVMTFN	0
GRCTKSIPPICFPD	0
GACFSIAHECGA	0
DKDLLENGAIFV	0
SPSLWEIEFAKQLASV	0
QSGQFWRKFEVYEGDKKLPI	0
GLFGKSSVWGRKYYVDLAGCAKA	0
QLQWLNRRANAL	0
GCIITSLTGRDKNQVEGE	0
SYVLEGTLTAEKTTLVVKEG	0
KTTICGKGLSATVT	0
DLVANQPNLKALREK	0
RSLESFLDCSLVLPPTD	0
ATGFFAKKEAAEKHL	0
VAKVNIKPLEDKILV	0
AGVQVHDADTIVLRR	0
KNDMVINLNQEL	0
LKAGEGNKIGPE	0
EGPTLGNWAREIWATLGKKA	0
RNDLITFLEQETK	0
LEAIPISIPPELAFAKPFVF	0
EVRRYTARLKEGDVF	0
MHVSFVMAYPEMLAA	0
TSGSDPVLTPVQ	0
ITMQGIQGQKIRMIMF	0
EGGTLGNWAREIWATLFKKA	0
GSHSLRYFLTAVSRPGLGE	0
PPLLESWKDPDYVPPVVHG	0
IPALAGKVLRFQKAFLTQLD	0
GMAALPRLIAFTSEHSHFSL	0
EQLSFTSIGILQLLTIGTRSCWFFYCRY	0
TNLKHVAGAAAAGAV	0
KLQKTYSQYKVQYDM	0
ELEKYQKLNSERGVPN	0
NIEFFTKNSAFPKTT	0
QEGPEYWEEQTQRAK	0
ENGDVKFDLIPKENTERSHK	0
QLVKDKNIDISIKYDPRKDSE	0
TEWTSSNVMEERKIKV	0
GTLKIPPDSETTLVLVG	0
IAAHDTPGPVWLS	0
AYDAQGTLSK	0
VTEEAACLCAAFANHSGRPF	0
EEQTQQIRLQAEIFQAR	0
VECYGPNRPQF	0
QDFLRRVQELRINMQKNFISFDA	0
GILKKFMLHRGTKVYKMRTLSKRSH	0
HYRIKPTARRLKWKYKGKFW	0
AAGLAMLFLGILSAAGSTMGARA	0
DEENGLDEYDEVPMPV	0
KQISSQLTEEWS	0
DSSPVSTEQLAPTA	0
PDTAKEKPQEGTVVA	0
IAILAPGAKGALMGANMKAAHASIHVK	0
DFKLFAVTIKYR	0
AFILDGDNLFPKVAPQAISSV	0
DGTQQFYHYASSVKPARVIF	0
PITKYIMTCMSADLEVVT	0
GVHIPYKISASTNCATVK	0
MSLLTEVETPIRNEWGCRCNDSSD	0
KSMVILTSTVTAGTAE	0
KRFKQDGGASHASPASS	0
TYAPVVMKPKPQGPV	0
NENIKKLLEDIDKI	0
IIFIFRRDLLCPLGAL	0
EAWGALANWAVDSA	0
EHYDKFERMIKEHTEKFNKK	0
DKKQRFHNIRGRWTG	0
ANYTAHGSETAWADP	0
EVVETDGKKKECSS	0
LILLIIALYLQQNWWTLLVD	0
YEMVFDGKPQHTNVCFWYIP	0
PPERPFQTTDITYTFTTDA	0
ARRRLLVLDAVALERWPRDG	0
RSQDACIEFVQQEVD	0
EHVEELTKHAKSVSK	0
SHCCAFKNQKKIRGILESL	0
NYAIVEGCPAAANGH	0
YRSPFSRVVHLYRNGK	0
AGSLQPLALEGSLQKRG	0
TFPQTAIGVGAP	0
GKKITCECTKPDSYPLFDGI	0
QLQDLDMMLTCVEIK	0
HPVAINASSELHLLG	0
SGSLSTFFRLFNASFTQALGK	0
SLLELQKVFSKGTFL	0
KTPVLSVNATVVRLQ	0
ACRDRFRNCPADERLCG	0
CETWRTETTGATGQASSLLSGRLLEQKAASCHNSYIVLCIENSFMTSFSK	0
NDKSDRNIPYSPLPPKVLDN	0
LLILRAIPKGIRDKGAK	0
KLLKWLKKLLK	0
LIIFRILISHRR	0
GASLSFKILKTVLEALGNV	0
PAWRKAFRWAWRMKKLAA	0
WIIFKIAASHKK	0
AFFLDLILLIIALYLQQNWW	0
YRIPIVRRLQRR	0
FALLKALLKKAL	0
LLIILRRRIRKQAHAASK	0
KWKLFKKIPKFLHLAKKF	0
LLRIPQAIMDMIAGAHWG	0
VDLLVNLLPAILSPGA	0
DDALRRLLRRLLRRL	0
GLFDKLKSLVSDF	0
FLPLLASLFSGLF	0
FLFPLITSFLSKVL	0
LQSKLDAKKAKLSKL	0
FAKLLAKAFKKAL	0
ASMWERVKSIIKSSLAAASNI	0
FLWWLFKWAWK	0
KNWKGIAGMAKKLLGKNWKLM	0
TYIDPDALKELPLLKFLGIF	0
RASRVAEQLFRKFLKF	0
RRKKLLPAVLLALLAP	0
GIGKFIHAAKKFGKLFIGEIMNS	0
AVVPVLAYAAARLLL	0
LKKLAKLALAF	0
FLKWLFKWLKK	0
KALKKLLAKWLAAAKALL	0
SFAIKWEYVLLLFLL	0
RRKKAAVALLPAVLLALL	0
KNWKKIAGMAKKLLKKNWKLM	0
FAKLLAKLAKKGL	0
LLIILRRRIARKQAHAHSK	0
RRKKAAVALLPAVLLAKLAP	0
FVRWFSKFLGRIL	0
ALWMTLLKKVLKAAAK	0
GILSSFKGVAKGVAKDLAGKLLETLKCKITGC	0
FAKLLAKALKKLL	0
KWAKKWKWFAKAAWKWYKK	0
ILGKLLSTAAGLLSNL	0
GIWDTIKSMGKVFAGKILQNL	0
GLFAVIKKVAAVIKKL	0
FIGTALGIASAIPAIVKLFK	0
FLRFIGSVIHGIGHLVHHIGVAL	0
GLFKVIKKVAKVIKKL	0
GWTLNPAGYLLGKINLKALAALAKKIL	0
KWKLFKKIEKVGQNIRDGIIKAGPAVAVVGQATQIAK	0
KILRGVAKKIMRTFLRRISKDILTGKK	0
GLLDFVTGVGKDIFAQLIKQI	0
GLLSKFGRLARKLARVIPKV	0
FLPIIAKVLSGLL	0
GLLSGILGAGKQKVCGLSGLC	0
SWLRDIWDWICKVLSDFK	0
VAKALAKALLKALKAL	0
GIMSLFKGVLKTAGKHVAGSLVDQLKCKITGGC	0
ALWMTLLKKVLKAAAKAALNAVLVGANA	0
SWLRDIWDWICEVLSDFKTW	0
GFMKYIGPLIPHAVKAIKKLI	0
GLFDIVKKIAGHIVSSI	0
FLGALFKALSHLL	0
GWLKKIGKKIERVGQHTRDATIQTIGVAQQAANVAATLK	0
GLGSVFGRLARILGRVIPKV	0
FFGHLFKLATKIIPSLFQ	0
FLPILASLAAKLGPKLFCLVTKKC	0
KWKSFLKTFKSAAKTVLHTALKAISS	0
KWKVFKKIEKMGRNIRNGIVKAGPAIAVLGEAKAL	0
KILRGVSKKIMRTFLRRISKDILTGKK	0
