GWTLNSAGYLLGKINLKALAALAKKIL	1
RRRRRRRRR	1
RRRRRRRRRRRRGC	1
KCFQWQRNMRKVRGPPVSC	1
RRRRR	1
RQIKIWFQNRRMKWKK	1
ACSGRGRGCGRGRGSCG	1
LLIILARRIRKQAHAHSK	1
ARRCSDRFRNCPADEALCGRR	1
RQAKIWFQNRRMKWKK	1
RQIKIWFQNRRAKWKK	1
RWRRWRRWRRWR	1
LLIILRRRIARKQAHAHSK	1
VPTLK	1
KLWSAWPSLWSSLWKP	1
RLLRLLLRLWRRLLRLLR	1
RRRGRKKRR	1
MIIFRIAATHKK	1
MIIYRAEISH	1
GALFLGFLGAAGSTMGAWSQPKSKRKV	1
RQIKIW	1
VLCLR	1
ARARARARARAR	1
KKDGKKRKRSRKESYSVYVYKVLKQ	1
CRQIKIWFQNRRMKWKK	1
GALFLAFLAAALSLMGLWSQPKKKRKV	1
MIIYRDL	1
RRRRRRRRR	1
ALWKTLLKKVLKAPKKKRKV	1
GWTLNSAGYLLGKINLKALAALAKKIL	1
MIIYADLIS	1
LLIILRRRIRKQAHAHSK	1
YGRKKRRQRRR	1
AGYLLGKTNLKALAALAKKIL	1
GGVCPKILKACRRDSDCPGACICRGNGYCGSGSD	1
VSRRRRRRGGRRRR	1
AGYLLGKINLKALAALAKKIL	1
AGYLLGKINLKALAALAKKIL	1
CKYGRKKRRQRRR	1
RRRERRAEK	1
RRRQRRKKR	1
RQPKIWFPNRRKPWKK	1
IIYRDLISH	1
YTQDFNKFHTFPQTAIGVGAP	1
WRFKAAVALLPAVLLALLAP	1
AGYLLGKINLKKLAKLLLIL	1
HSDGIFTDSYSRYRKQMAVKKYLAAVLGKRYKQRVKNK	1
RQIKIWFQNRR	1
MVTVLFRRLRIRRACGPPRVRV	1
RRRRRRR	1
MANLGCWMLVLFVATWSDLGLCKKRPKP	1
RQIKIWFQNRRMKWKK	1
RQIKIWFQNRRMKWKK	1
AGYLLGKINLKALAALAKKIL	1
KGRKKRRQRRRPPQ	1
VRLPPPVRLPPPVRLPPP	1
FLGKKFKKYFLQLLK	1
GLWWRLWWRLRSWFRLWFRA	1
MIIYRDLISH	1
SKKKKTKV	1
RRRRRRRRRRRRGC	1
KKPGKKTTTKPTKK	1
MIISRDLISH	1
RGGRLSYSRRRFSTSTGR	1
KKWKMRRGAGRRRRRRRRR	1
RQIKIWFQNRRMKWKK	1
MIIYRIAASHKK	1
KMIFVGIKKKEERA	1
ARRRRRRR	1
LKKLCKLLKKLCKLAG	1
LIIFRIAASHKK	1
CGRKKRRQRRRPPQ	1
WFQNRRMKWKK	1
KLALQLALQALQAALQLA	1
HHHHHHHHHHHHHHHHHHHHRRRRRRRRRRRRRRR	1
KALAALLKKWAKLLAALK	1
GRKKRRQRRRPPQ	1
LCLRP	1
GLKKLAELFHKLLKLGC	1
GLPVCGETCVGGTCNTPGCKCSWPVCTRN	1
MIIFKIAASHKK	1
YSSYSAPVSSSLSVRRSYSSSSGS	1
LIIFRILISHHH	1
ARCSDRFRNCPADEALCGR	1
RRRRRRRRR	1
GWTLNSAGYLLGKINLKALAALAKKIL	1
CRRRRRRRRR	1
RRRRRRRRRR	1
KFFKFFKFFK	1
RRRRRRRRRK	1
YGRKKRRQRRTALDWSWLQTE	1
LIIFAILISHKK	1
LLIILRRRARKQAHAHSK	1
ACRDRFRRCPADERLCG	1
ARRRRCSGSGSGCGSGSGSCGRRRR	1
GRRRRATAKYRTAH	1
PKKKRKVALWKTLLKKVLKA	1
WELVVLYGRKKRRQRRR	1
CWKKKKKKKKKKKKKKKKKK	1
RQIKIWFQNRRMKWKA	1
TSPLNIHNGQKL	1
RRLSYSRRRF	1
RRRRRRRR	1
YGRKKRRQRRR	1
LLIILRRRIRKQAHAASK	1
GWTLNSAGYLLGKLKALAALAKKIL	1
RVIRWFQNKRCKDKK	1
ACRGRGRRCGSGRRSCG	1
CGGKDCERRFSRSDQLKRHQRRHTGVKPFQ	1
ACSGSGSGCGSGSGSCGRRRRRRRR	1
ACRGRGRRCGSGRRSCG	1
GLWRALWRLLRSLWRLLWKA	1
RQIKIWFQNRRMKWKK	1
GGVCPAILKKCRRDSDCPGACICRGNGYCGSGSD	1
AAVALLPAVLLALLAPRRRRRR	1
RPARPAR	1
RRRRRRRRR	1
GWTLNSAGYLLGPHAVGNHRSFSDKNGLTS	1
RQIKIWFQNRRMKWKK	1
KCFQWQRNMRKVRGPPVSCIKR	1
WIIFRIAATHKK	1
RRKLSQQKEKK	1
RQGAARVTSWLGRQLRIAGKRLEGRSK	1
LLIILRRRIRKQAHAHSK	1
MGLGLHLLVLAAALQGAWSQPKKKRKV	1
ICIR	1
ANIIAPLLAPIC	1
GWTLNSAGYLLGKINLKALAALAKKIL	1
RRRRRRRR	1
MIIYRDLI	1
CRKKRRQRRR	1
KCFQWQRNMRKVRGPPVSSIKR	1
LLAILRRRIRKQAHAHSK	1
GRRHHCRSKAKRSRHH	1
MIIYRD	1
SRRHHARSKAKRSRHH	1
RQIRIWFQNRRMRWRR	1
VQRKRQKLMP	1
ACGRGRGRCGRGRGRCG	1
RKKRRQRRRPPQCAAVALLPAVLLALLAP	1
RVRSWLGRQLRIAGKRLEGRSK	1
RRRRRR	1
LIIFAIAASHKK	1
GRKKRRQRRRPPQ	1
LAIILRRRIRKQAHAHSK	1
GALFLGFLGAAGSTMGAWSQPKKKRKV	1
KLIKGRTPIKFGK	1
FQWQRNMRKVRGPPVS	1
KGKKIFIMK	1
KCFQWQRNMRKVRGPPVSCIKR	1
SARHHCRSKAKRSRHH	1
GRKKRRQRRRPPQ	1
LCL	1
AGYLLGKTNLKALAALAKKIL	1
LILIGRRRRRRRRGC	1
KLALKLALKAWKAALKLA	1
GRCTKSIPPICFPD	1
RTRRNRRRVR	1
WLKLLKKWLKLWKKLLKLW	1
LIIFRILISHK	1
WLKLWKKWLKLW	1
FLIFIRVICIVIAKLKANLMCKT	1
KALKLKLALALLAKLKLA	1
AGYLLGKTNLKALAALAKKIL	1
FFFFFFGRRRRRRRRGC	1
GWTLNSAGYLLGKINLKAPAALAKKIL	1
LKLLKKLLKKLLKLL	1
RQIKIWFQNRRMAWKK	1
KCFMWQEMLNKAGVPKLRCARK	1
ERKKRRRE	1
LGTYTQDFNKFHTFPQTAIGVGAP	1
SRRAHCRSKAKRSRHH	1
AAVALLPAVLLALLAPSGASGLDKRDYV	1
EKGKKIFIMK	1
IKIWFQNRRMKWKK	1
KWFETWFTEWPKKRK	1
MANLGYWLLALFVTMWTDVGLCKKRPKP	1
SRAHHCRSKAKRSRHH	1
RRWFRRWRR	1
CWKKKKKKKK	1
RRLLRRLRR	1
KTVLLRKLLKLLVRKI	1
LNSAGYLLGKINLKALAALAKKIL	1
AGYLLGKINLKALAALAKKIL	1
MAIYRDLIS	1
RQIKIWFQNRRMKWKK	1
KLGLKLGLKGLKGGLKLG	1
RQARRNRRRC	1
LLIILRRRIRKQAHAHSK	1
KCCKWRWRCK	1
RQIKIWFQNRRMKWKKGC	1
KGSKKAVTKAQKKDGKKRKRSRKESYSVYVYKVLKQ	1
KLLAKAAKKWLLLALKAA	1
CRWRWKCCKK	1
DFNKFHTFPQTAIGVGAP	1
RRWFRRFRR	1
GLFEAIEGFIENGWEGMIDGWYGGGGRRRRRRRRRK	1
ACSDRFRNCPADEALCGRRRRRRRR	1
RKLTTIFPLNWKYRKALSLG	1
GDALPHLKLC	1
YTAIAWVKAFIRKLRK	1
MVRRFLVTLRIRRACGPPRVRVFVVHIPRLTGEWAAP	1
QNRRMKWKK	1
KLALKLALKALKAALKLA	1
ARRRCSGSGSGCGSGSGSCGRRR	1
KETWFETWFTEWSQPKKKRKV	1
WRFKKSKRKV	1
YWLKLLKKWLKLWKKLLKLW	1
GKHRHERGHHRDRRER	1
GKKKRKLSNRESAKRSR	1
RRRQRRKRGGDIMGEWGNEIFGAIAGFLG	1
KLIKGRTPIKFGKADCDRPPKHSQNGMGK	1
ACSDRFRNCPADEALCGRRRRRRRR	1
WWWRRRRRRRR	1
KCFQWQRNMRKVRGPPVSCIKR	1
LLIIARRRIRKQAHAHSK	1
KRIPNKKPGKKTTTKPTKKPTIK	1
KLALKALKAALKLA	1
KWCFRVCYRGICYRRCRGK	1
ACRGRGRRCGSGSRSCG	1
LLIILRRRIRKQAHAHAK	1
GLKKLARLFHKLLKLGC	1
MIIARDLIS	1
INLKALAALAKKIL	1
RQIKIWFQNRRM	1
RQIKIWFQNRRMKAKK	1
LGLLLRHLRHHSNLLANI	1
NRARRNRRRVR	1
CGRKKRRQRRRPPQ	1
FKQQQQQQQQQQ	1
GLKKLAELFHKLLKLG	1
GLWRALWRALWRSLWKKKRKV	1
GYGYGYGYGYGYGYGYKKRKKRKKRKKRKQQKQQKRRK	1
AAVALLPAVLLALLAPRKKRRQRRRPPQC	1
ARCSGSGSGCGSGSGSCGR	1
GWTLNSAGYLLGKINLKALAALAKKIL	1
RGDFK	1
LKKLLKLLKKLLKLAG	1
LLIILRRAIRKQAHAHSK	1
RQIKIWFQN	1
MVKSKIGSWILVLFVAMWSDVGLCKKRPKP	1
GRKLKKKKNEKEDKRPRT	1
KKLFKKILKKL	1
RQIAIWFQNRRMKWKK	1
RRIPNRRPRR	1
KALAKALAKLWKALAKAA	1
RRHHCRSKAKRSR	1
ARRRCSDRFRNCPADEALCGRRR	1
RQIKIWFQNRRMKWKK	1
KFFKFFKFFK	1
GLWRALWRLLRSLWRLLWSQPKKKRKV	1
YGRKKRRQRRRGC	1
MIIYRDAIS	1
LLIILRRRIRKQAAAHSK	1
RKKRRQRRR	1
RRRQRRKKR	1
RRRRRR	1
KLIKGRTPIKFGKADCDRPPKHSQNGK	1
GWTLNSAGYLLGKINLKALAALAKKIL	1
KRIPNKKPGKKTTTKPTKK	1
AIIYRDLIS	1
ARARAR	1
FRFKFRFK	1
LCLR	1
AGYLLGKINLKALAALAKKIL	1
KFFKFFKFFK	1
KKKEERADLIAYLKKA	1
HYRIKPTFRRLAWKYKGKFW	1
HHHHHHHHRRRRRRRRRRRRRRR	1
RRRRRRRRRRRRRRR	1
KLALKAALKAWKAAAKLA	1
RQIKIWFQNRRMKWKK	1
ACGRGRGRCRGRGRGCG	1
LNSAGYLLGKLKALAALAKIL	1
LLIILRRRIRKQAHAHSK	1
VKRFKKFFRKLKKKV	1
RQIKIWFQNRRMKWKK	1
AYLLGKINLKALAALAKKIL	1
LLETLLKPFQCRICMRNFSTRQARRNHRRRHRR	1
AQIKIWFQNRRMKWKK	1
AGYLLGKINLKALAALAKKIL	1
RRRRRRRRGC	1
ALWKTLLKKVLKA	1
CRQIKIWFPNRRMKWKKC	1
ACRGRGRGCGSGSGSCG	1
LIIFRILISHRR	1
ISFDELLDYYGESGS	1
RQIKIWFANRRMKWKK	1
KSICKTIPSNKPKKK	1
KLALKLALKALKAALKLA	1
RVIRWFQNKRSKDKK	1
WIIFKIAASHKK	1
RPARPAR	1
RQLRIAGRRLRGRSR	1
WIIFRALISHKK	1
KFHTFPQTAIGVGAP	1
MIIYRDKKSH	1
LKKLAELAHKLLKLG	1
GLGSLLKKAGKKLKQPKSKRKV	1
AGYLLGKINLKALAALAKKIL	1
RKKRRQRRR	1
CHHRRRRHHC	1
CRWRWKCCKK	1
AAVALLPAVLLALLAPRKKRRQRRRPPQ	1
RRWWRRFRR	1
KALKLKLALALLAKLKLA	1
LKTLATALTKLAKTLTTL	1
RVIRVWFQNKRCKDKK	1
WIIFRIAASHKK	1
RMKWKK	1
LLIALRRRIRKQAHAHSK	1
RVTSWLGRQLRIAGKRLEGRSK	1
LLIILRRRIRKQAHAHSKNHQQQNPHQPPM	1
LLIILRRRIRKQAHAHSA	1
SRRHHCRSKAKASRHH	1
LIIFRILISH	1
WRWRWRWRWRWRWR	1
SRRHHCRAKAKRSRHH	1
RQIKIWFQNRRMKWK	1
GWTLNPAGYLLGKINLKALAALAKKIL	1
PKKKRKV	1
WWRRRRRRRR	1
HYRIKPTFRRLKWKYKGKFA	1
HHHHHHHHHHHHHHHHRRRRRRRRRRRRRRR	1
RRRRRRRRRC	1
LLIILRRRIRKAAHAHSK	1
QTRRRERRAEKQAQW	1
NKPILVFY	1
QIKIWFQNRRMKWKK	1
KMIFVGIKKK	1
LALALALALALALALAKKLKKLKKLKKLKKLKKLKYAK	1
MIIYARRAEE	1
CSIPPEVKFNPFVYLI	1
GALFLGFLGAAGSTMGAWSQPKKKRKV	1
RRFWRRWRR	1
FVTRGCPRRLVARLIRVMVPRR	1
CRQIKIWFQNRRMKWKKKLAKLAKKLAKLAK	1
RKKRRQRRRGGGKLLKLLLKLLLKLLK	1
INLKALAALAKKIL	1
GLWRALWRALWRSLWKSKRKV	1
GKRARNTEAARRSRARKL	1
CSIPPEVKFNKPFVYLI	1
NHQQQNPHQPPM	1
LILILILILILILILIKRKKRKKRKKRKKRAKRAKHSK	1
RQIKIWFQNRRMKWKK	1
KLALKLALKALKAA	1
VCVR	1
RRRRRRRRGC	1
RRRRRRRR	1
LLGDFFRKSKEKIGKEFKRIVQRIKDFLRNLVPRTESC	1
RRRRRRRR	1
MVRRFLVTLRIRRACGPPRVRV	1
GLWRALWRLLRSLWRLLWRA	1
ARARARARAR	1
KLALKLALKALQAALQLA	1
GLKKLAELAHKLLKLGC	1
RRLLRRLRR	1
GRGDSPRRSPRR	1
IKIKIKIKIKIKIKIKKLAKLAKLAKLAKLAKLAKKIK	1
RQIKIWFQNRRMKWKK	1
GKKKKRKREKL	1
RQIKIWFPNRRMKWKK	1
AGYLLGKLKALAALAKKIL	1
CRQIKIWFQNRRMKWKK	1
GALFLAFLAAALSLMGLWSQPKKKRRV	1
RQIKIWFQNRRMKWKK	1
RRRRRRRRR	1
KPRSKNPPKKPK	1
GRKKRRQRRRPPQC	1
ACSHSGHGCGHGSHSCGRRRRRRRR	1
ARARARAR	1
SRRHACRSKAKRSRHH	1
RRRRRRRW	1
LLIILRRRIRAQAHAHSK	1
RQARRNRRRALWKTLLKKVLKA	1
LKTLTETLKELTKTLTEL	1
KITLKLAIKAWKLALKAA	1
RQIKIWFQNRRMK	1
ACRGSGRGCGRGSGRCG	1
ELALELALEALEAALELA	1
HARIKPTFRRLKWKYKGKFW	1
MIIFAIAASHKK	1
RLLRLLRLL	1
GRQLRIAGKRLEGRSK	1
GRRRRRERNK	1
KGRTPIKFGKADCDRPPKHSQNGMGK	1
RQIKIWFQNRRMKWKK	1
AGYLLGKTNLKALAALAKKIL	1
RQIKAWFQNRRMKWKK	1
MIIFRDLISH	1
ACSDRFRNCPADEALCG	1
RQIKIWFQNRRMKWKK	1
AGYLLGKINLKALAALAKKIL	1
CRWRWKCCKK	1
CRWRWKCCKK	1
LLKTTELLKTTELLKTTE	1
VKRKKKPALWKTLLKKVLKA	1
VQAILRRNWNQYKIQ	1
DRDRDRDRDR	1
KTIPSNKPKKK	1
YRFK	1
AGYLLGKINLKALAALAKKIL	1
WRRRRRRRR	1
KLALKLALKALKAALK	1
WIIFRAAASHKK	1
ALIILRRRIRKQAHAHSK	1
TFPQTAIGVGAP	1
RQIKIWFQNRRMKWKK	1
GGVCPKILAKCRRDSDCPGACICRGNGYCGSGSD	1
KGKKIFIMK	1
GLKKLARLAHKLLKLGC	1
QLALQLALQALQAALQLA	1
AGYLLGHINLHHLAHLHHIL	1
RRFFRRWRR	1
FQNRRMKWKK	1
GRRERNKMAAAKCRNRRR	1
GLWRALWRGLRSLWKLKRKV	1
LLIILRRRIRKQAHAHSK	1
RRRRRRRR	1
RAIKIWFQNRRMKWKK	1
GRQLRRAGRRLRRRSR	1
KLALKLALKALKAALKLA	1
KALAALLKKLAKLLAALK	1
FRVPLRIRPCVVAPRLVMVRHTFGRIARWVAGPLETR	1
VKRFKKFFRKLKKSV	1
GTKMIFVGIKKKEERADLIAYLKKA	1
RVRILARFLRTRV	1
KFFKFFKFFK	1
CGNKRTRGC	1
LIIFRILISHKK	1
ARRCSGSGSGCGSGSGSCGRR	1
FKKFRKF	1
RRRRRRRRRRRR	1
CLLIILRRRIRKQAHAHSKNHQQQNPHQPPM	1
IYRDLISH	1
GLRKRLRKFRNKIKEK	1
RLRLRLRLRLRLRLRLKNNKNNKNNKNNKKKKKKKGYK	1
RNRSRHRR	1
YGRKKRRQRRR	1
GLWRALWRALWRSLWKLKWKV	1
GLWRALWRALRSLWKLKRKV	1
PKKKRKVWKLLQQFFGLM	1
GRQLRIAGRRLRRRSR	1
ASMWERVKSIIKSSLAAASNI	1
KLALKLALKALKAALKLA	1
MIIYRDLAS	1
CWKKK	1
RRVTSWLGRQLRIAGKRLEGRSK	1
RPARPAR	1
RKKRRQRRRGC	1
SRRHHCRSAAKRSRHH	1
GWTLNPPGYLLGKINLKALAALAKKIL	1
GRKKRRQRRRPWQ	1
RRRRRRRR	1
QWQRNMRKVRGPPVSCIKR	1
MIIFRIAAYHKK	1
MIIFRILISHKK	1
TRRSKRRSHRKF	1
RQIKIWFQNRRMKW	1
AGYLLGKTNLKALAALAKKIL	1
RRWWRRWRR	1
RRRRRRRRR	1
RRRRRRRRR	1
KALKKLLAKWLAAAKALL	1
ALALALALALALALALKIKKIKKIKKIKKLAKLAKKIK	1
VIRVHFRLPVRTV	1
RRRRRRRR	1
CWKKKKKKKKKKKKK	1
GWTLNSAGYLLGKINLKALAALAKKIL	1
VKRFKKFFRKLKKLV	1
ACRGRGRGCGSGSRSCG	1
KLALKAAAKAWKAAAKAA	1
MIIYRDLISKK	1
KALKLKLALALLAKLKLA	1
KKKKKKKKK	1
KKAAQIRSQVMTHLRVI	1
WRFKWRFK	1
KETWWETWWTEWSQPKKKRKV	1
GKRKKKGKGLGKKRDPCLRKYK	1
KFFKFFKFFK	1
RQIKIWFQNARMKWKK	1
GALFLGFLGAAGSTMGAWSQPKSKRKV	1
ACHGRRWGCGRHRGRCG	1
AGYLLGKINLKALAALAKKIL	1
INLKKLAKLAKKIL	1
KETWWETWWTEWSQPGRKKRRQRRRPPQ	1
KCFQWQRNMRKVR	1
RRRRRRRR	1
KFFKFFKFFK	1
ACSGSGSGCGSGSGSCG	1
HHHHHHHHHHHHRRRRRRRRRRRRRRR	1
WIIFRIAAYHKK	1
GLKKLAELFHKLLKLG	1
RRRQRRKRGGDIMGEWGNEIFGAIAGFLG	1
KLPCRSNTFLNIFRRKKPG	1
AGYLLGKINLKALAALAKKIL	1
GLWRALWRGLRSLWKKKRKV	1
RRRRRRRRR	1
RQIKIWFQNRRMKWKK	1
KLALKLALKALKAALKLA	1
KIWFQNRRMKWKK	1
RQIKIAFQNRRMKWKK	1
GLLEALAELLEGLRKRLRKFRNKIKEK	1
KLIKGRTPIKFGKADCDRPPKHSGK	1
KRIPNKKPGKKTTTKPTKKPTIKTTKKDLK	1
DRRRRGSRPSGAERRRR	1
HHHHHHHHHHHHHHHHRRRRRRRRRRRRRRR	1
RRRRRRRRRCQCRRKN	1
ACRDRFRRCPADRRLCG	1
RRRGRKKRR	1
RQIKIWFPNRRMKWKK	1
KIAAKSIAKIWKSILKIA	1
ACSGRGRGCGSGSGSCG	1
ERERERERERERER	1
GALFLGFLGAAGSTMGAWSQPKKKRKV	1
GALFLGFLGAAGSTMGAWSQPKKKRKV	1
PFVYLI	1
KFFKFFKFFK	1
LALALALALALALALAKIKKIKKIKKIKKLAKLAKKIK	1
KETWWETWWTEWSQPKKKRKV	1
RRRRRRRR	1
YGRKKRRQRRR	1
KRIPNKKPGKK	1
KWCFAVCYAGICYAACAGK	1
WLKYLLKKWLKLWKKLLKLW	1
GRGDGPRRKKKKGPRRKKKKGPRR	1
ACRGRGRGCGRGRGRCG	1
GWTLNSKINLKALAALAKKIL	1
KCPSRRPKR	1
LLKTTALLKTTALLKTTA	1
GGVCPKILAACRRDSDCPGACICRGNGYCGSGSD	1
GRCTKSIPPICFPD	1
MVTVLFRRLRIRRACGPPRVRV	1
RQIKIWFQ	1
GRQLRIAGRRLRGRSR	1
LCLRPVG	1
RRRRRRRRRRR	1
AGYLLGKINLKALAALAKKIL	1
KRIPNKKPGKKT	1
HYRIKPTARRLKWKYKGKFW	1
RRRRRRRRR	1
RRFFRRFRR	1
KLALKLALKWAKLALKAA	1
RRWWRRWRR	1
GWTLNSAGYLLGKINLKALAALAKKLL	1
PKKKRKVWKLLQQFFGLM	1
ACRRSRRGCGRRSRRCG	1
RQIKIFFQNRRMKFKK	1
ACSGRGSGCGSGRGSCG	1
GRKGKHKRKKLP	1
RRMKWKK	1
GLKKLAELAHKLLKLG	1
RAGLQFPVGRVHRLLRK	1
FFFFGRRRRRRRRGC	1
GRKKRRQRRRPPQ	1
KLIKGRTPIKFGKADCDRPPKHSQNGM	1
LLKLLKKLLKLLKKLLKLL	1
LILILILILILILILIKRKKRKKRKKRKKRAKRAKHSK	1
WWWWRRRRRRRR	1
AAVALLPAVLLALLAPRKKRRQRRRPPQ	1
RRRRRRRR	1
NRRMKWKK	1
ACSGSGSGCGSGSGSCGRRRRRRRR	1
MLLLTRRRST	1
MIIFRIAASHKK	1
AGYLLGKINLKALAALAKKIL	1
GRKKRRQRRRPPQC	1
RRWWRRWRR	1
INLKALAALAKKIL	1
RQIKIWFQNRRMKWKK	1
KRIPNKKPGKKTTTKPTKKPTIKTTKKDLKPQTTKPK	1
KFFKFFKFFK	1
FFGRRRRRRRGC	1
ACRGRGRGCRGRGRGCG	1
HHHHHHHHRRRRRRRRRRRRRRR	1
LLKKRKVVRLIKFLLK	1
RLRLRLRLRLRLRLRLKLLKLLKLLKLLKKKKKKKGYK	1
RQIKIWFQNRRMKWAK	1
RQIKIWFQNR	1
RRRRRRRRR	1
KKWKMRRNQFWIKIQR	1
GKRRRRATAKYRSAH	1
FLPLIAGLIGKLF	0
FLPIVGRLISGLL	0
FKIKASKVLDKFGKIVGKVLKQLKKVSAVAKV	0
ILGKLLKTAAKLLSNL	0
KILRGVAKKIMRTFLRRILTGKK	0
FLPAIFRMAAKVVPTIICSITKKC	0
FVDLKKIANIINSIFGK	0
KWKSFLKTFKSAKKTVAHTAAKAISS	0
FRFGSFLKKVWKSKLAKKLRSKGKQLLKDYANKVLNGPEEEAAAPAE	0
MPKWKVFKKIEKVGRNIRNGIVKAGPAIAVLGEAKALG	0
VNWKKILGKIIKVAK	0
LLKELWTKIKGAGKAVLGKIKGLL	0
FAKKLAKKLKKLAKKLIGAVLKV	0
ILQKAVLDCLKAAGSSLSKAAITAIYNKIT	0
KILRGVAKKIMRTFLRRISKKILTGKK	0
GFIFHIIKGLFHAGKMIHGLV	0
FLSSIGKILGNLL	0
GFGSLLGKALKIGTNLL	0
FFHHIFRGIVHVAKTIHRLVTG	0
FLPLIGAVLSGIL	0
GIGKFLKKAKKGIGAVLKVLTTGL	0
FAKIIAKIAKIAKKIL	0
GFMKYIGPLIPHAVKAIKKLI	0
FLPIVAKLLSGLL	0
GIGKFLKKAKKFAKAFVKMNN	0
GLKEIFKAGLGSLVKGIAAHVAS	0
FLPVVAGLAAKVLPSIICAVTKKC	0
GLFDIVKKIAGHIAGSI	0
ILGKLLSTAAGLLKNL	0
GLMDTIKGVAKTVAASWLDKLKCKITGC	0
MQFITDLIKKAVDFFKGLFGNK	0
SIGAKILGGVKTFFKGALKELASTYLQ	0
RKGWFKAMKSIAKFIAKEKLKEHL	0
FLPLIGRALSGIL	0
FLGMIPKLIKKLIKAFK	0
GFKDLLKKAAKALVKTVLF	0
GLLSVLGSVAKHVLPHVVPVIAEHL	0
GLLSGILGAGKQKVCGLSGLC	0
TPGGFDIISGGPHVAQDVLNAIKDFFK	0
VFQFLGKIIHHVGNFVHGFSHVF	0
FLSLIPKLVKKIIKAFK	0
KWAKKWKWFAKAAWKWYKK	0
GFLGPLLKLGLKGVAKVIPHLIPSRQQ	0
FLGLLFHGVHHVGKWIHGLIHGHH	0
FFGTALKIAANILPTAICKILKKC	0
FLPVIAGVAAKFLPKIFCAITKKC	0
GLFKVLGSVAKHLLPHVVPVIAEK	0
FLGALFKVASKVLPSVFCAITKKC	0
FLPILASLAAKLGPKLFCLVTKKC	0
GRRKRKWLRRIGKGVKIIGGAALDHL	0
YHWYGYTPQNVIGGGKLLLKLLKKLLKLLKKK	0
GLLDFVTGVGKDIFAQLIKQI	0
GLFKVIKKVASVIGGL	0
FLSAITSLLGKLL	0
MGIIAGIIKVIKSLIEQFTGK	0
GFFALIPKIISSPLFKTLLSAVGSALS	0
FALALKALKKLLKKLKKLAKKAL	0
GLFPKFNKKKVKTGIFDIIKTVGKEAGMDVLRTGIDVIGCKIKGEC	0
GFKGAFKNVMFGIAKSAGKSALNALACKIDKSC	0
DFKDWMKTAGEWLKKKGPGILKAAMAAAT	0
GFVRFRLSNTR	0
MEPECNLNCTD	0
VQIYK	0
AASPNIFGQWM	0
PYFLGSVI	0
LLLTLLATV	0
YQLLNFLPL	0
YPENGPIFPENF	0
KLSSIESDV	0
SVGGVFTSV	0
EDLIWK	0
YQLLIRMIY	0
EPNPDEFFGLM	0
CYFQNCP	0
TAVYFSEKYNDV	0
DADLIEAN	0
GHAFGAMAKKGD	0
YGGFM	0
YSTCYFIM	0
TYLALLAAF	0
YILEETSVM	0
IMAKNEVFCV	0
EKMIG	0
ATDALMTGF	0
NTGSPYE	0
SDMPFEF	0
DEEDAIAAY	0
LVVYPWT	0
LPFEF	0
GLLGCIITSL	0
VGWYRSPFSR	0
SSVWNATTA	0
YSTCSSLF	0
YIDAYVSRLL	0
SDLPFEH	0
FLVMFLSG	0
KNYIFEEKL	0
DSVCASYF	0
MELANTANII	0
VQITYK	0
AIVNYANL	0
HCKFWY	0
GYASVIAEL	0
LYLVCGERG	0
CHHNLTHAC	0
KYYPCFGYF	0
DICNAYF	0
GYKDGNEYI	0
SFWFLKSGAV	0
GANYPFF	0
APYAGLIMI	0
STLNFNNL	0
SCLEFWQRV	0
VGARPCGGFF	0
SFYRFLFA	0
SPWPRPTY	0
LPFDKPTIM	0
YRYNYAFDL	0
AKDEH	0
YAFFN	0
YACPCFF	0
ALSTGLIHL	0
YAFQVVG	0
PPPEE	0
SSVWNATTAI	0
SSIEFARL	0
SAVWNSTTA	0
YQLLIAMIYKNI	0
LGFWGLPH	0
FLLVAHYAI	0
NYDNAGTNL	0
CAFIM	0
PESSQRPPL	0
AWKLFDDGV	0
YQCGQGG	0
RLYKTLGQL	0
FATGIGIITV	0
YAFGYPS	0
GVAACSSLF	0
YQPLLSNTL	0
NNNWNNN	0
NSPNIFGQWM	0
NAPVSIPQ	0
IYSTVASSL	0
KFKLKQ	0
FTSFSPY	0
ALISAFSGS	0
YVGDLCGSV	0
WMKMNQTLL	0
VTRGAVLTY	0
GGKVCSAYF	0
NNGNN	0
ICLRLPGC	0
TSYKFESV	0
GLPTCGETCFGGTCNTPGCTCDPWPVCTHN	0
CGETCVGGTCNTPGCTCSWPVCTRNGLPV	0
CKITRCPMIPCYISSPDECLWMDWVTEKNINGHQAKFFACIKRSDGSCAWYRGAAPPKQEFLDIEDP	0
EKKCPGRCTLKCGKHERPTLPYNCGKYICCVPVKVK	0
CRFCCRCCPRMRGCGLCCRF	0
CGESCVYIPCISGVIGCSCTDKVCYLNGTP	0
CGESCVYIPCLTSAVGCSCKSKVCYRNGIP	0
CGESCVFIPCVTALLGCSCKSKVCYKNSIP	0
CKGKGAKCSRLMYDCCTGSCRSGKC	0
NGVIPCGESCVFIPCISTLLGCSKNKVCYR	0
VCYCRRRFCVCVGR	0
ELPKLPDDKVLIRSRSNCPKGKVWNGFDCKSPFAFS	0
RRCICTTRTCRFPYRRLGTCIFQNRVYTFCC	0
GASCGETCFTGICFTAGCSCNPWPTCTRN	0
CIAKGNGCQPSGVQGNCCSGHCHKEPGWVAGYCK	0
GFGCPGNQLKCNNHCKSISCRAGYCDAATLWLRCTCTDCNGKK	0
DFASCHTNGGICLPNRCPGHMIQIGICFRPRVKCCRSW	0
RGGRLCYCRGWICFCVGR	0
GLPVCGETCVGGTCNTPGCSCSWPVCTRN	0
GSIPCEGSCVFIPCISAIIGCSCSNKVCYKN	0
KSCCRNTWARNCYNVCRLPGTISREICAKKCDCKIISGTTCPSDYPK	0
GVPVCGETCFGGTCNTPGCSCDPWPVCSRN	0
TFCGETCRVIPVCTYSAALGCTCDDRSDGLCKRNGDP	0
VVCACRRALCLPLERRAGFCRIRGRIHPLCCRR	0
YCKKCCYHCQ	0
AVRIGPCDQVCPRIVPERHECCRAHGRSGYAYCSGGGMYCN	0
GIACGESCVFLGCFIPGCSCKSKVCYFN	0
ATCDLLSGTGINHSACAAHCLLRGNRGGYCNGKAVCVCRN	0
EFTNVSCTTSKECWSVCQRLHNTSRGKCMNKKCRCYS	0
ATCDLLSGFGVGDSACAAHCIARRNRGGYCNAKKVCVCRN	0
RGGRLCYCRRRFCVCT	0
GLPVCGETCFGGTCNTPGCACDPWPVCTRD	0
ECRRLCYKQRCVTYCRGR	0
RGGGLCYCRRRFCVCVGR	0
LQVLKEVKAAASKVKANL	0
TPPSVVGGLGVTMVH	0
SGTLSTFFRLFNRSFTQA	0
ILQQQLIPCMDVVLQQHNIA	0
NKLERRMENLNKKVDDGF	0
NGSAAPQLTKNAGVLTCILS	0
LRTDLDRFWTRALTGYAQLI	0
KIFQDYPLQQTYAPV	0
SYEIEMFYDGSRIMI	0
ASSSYPLIHWRPWAR	0
PYAVAFQPLLAYAY	0
QLQDLDMMLTCVEIK	0
CQNHHAKHGKVC	0
AISVTMDNILSGFENEYD	0
FEELIKFSFHTNVLEDNIGY	0
AYKEQIKTLTNKLKA	0
VIYVQIRFSVRRFHP	0
VVKDPYKFLNKEKRDKFL	0
LEAIPCSIPPCVFFGKPFVF	0
RGDLLRHVVKILEKYL	0
LEAIPMCIPPECLFNKPFVF	0
VNKIKHQEVLKLLSLQFEKS	0
NISQHQCVKKQCPQNSGCFR	0
KSDEFNPCEDIMGYKFLRIV	0
DKVGINYWLAHKALCSEK	0
VNRKKILGKSIKVVK	0
KNECLWTDMLSNFGYPGYQSKHYACIRQKG	0
TAKDGMEYYNKMGELYKQ	0
CNTNWLPPCPIIHNL	0
TDFVTMDMTTGDIPTSAATAYPLCAEP	0
ITLGEWYNQTKDLQQKFYEIIMDIEQNNVQGKKGI	0
LPRRLHLEPAFLPYSVKAHECC	0
MEAVGAYDVIVNGDK	0
SGSLSTFFRLFNRSFTQAGK	0
IHAQQKEPMIGVNQELAY	0
NGGYLAAGKLTWADF	0
AGFVLKGYTKTSQ	0
ATDKEGKDVLVCNK	0
QEGPEYWEEQTQRAK	0
DSDKNPLFLDEQLIRAEFQR	0
KPKQIKPPLPSV	0
CMGLIYNRMGAVTTESA	0
PPEQPFHSYGVTYTFATDA	0
KVHFAGFAAPACESG	0
KGAGSSQDACIKFIQYEVDG	0
LPISETGGGTPELRCGKHQA	0
EKPKFEAYKAAAAPA	0
VHFFRNIVTARTP	0
KAMVALIDVFHQYSGREGDK	0
NSGPDDQIGYYRRAT	0
EPLLPHQPSLETQLY	0
QEPHRHSIFTPQTNPRADLEKN	0
LLLKRSHAEDLGNLE	0
KYDFDGVNRGTRGTS	0
KRIAKAVNEKSCNCL	0
SGSLSTQFRLFNRSFTQALGK	0
QSKVWIKMSTSKMPH	0
HSLGKLLGRPDKF	0
TTCSDKSRPLNDLVS	0
SGWMDYINGFLKGFGGQRTLPTKDYNIPQV	0
FLSLIPHAINAVGVHAKHF	0
GLWEDLLYNINRYAHYIT	0
KLGDKEMIQHYTLDQ	0
FNRGGYNFGKSVRHVVDAIGSVAGILKSIR	0
ARMWIQAATTMASYQ	0
FISEAIIHVLHSR	0
LPACVYGPAVASGYDFE	0
GVFNYETETTSVIPAA	0
QVSVEIEWELQKENS	0
SPATWTTRGFVFTRHSQTTA	0
ETTMRSPVFTDNSSPPAV	0
LKRRIMPEDIIINCS	0
ANTAFVSSAHNTQKIPAGAPFNRNLRAMLADLRQNAAFAG	0
GRTILKENIKYEVAIFVH	0
VAGYSYTDANK	0
RPSGMFDSVVLCECYDA	0
LRVGGRCHPHVNGVF	0
EVVKANGGYLAAGKL	0
KQKTNEPYEDFAARLLEAIDAE	0
AAPANDKFTVFEAAF	0
FSSWETVCDSLDDYN	0
KGAGSSQDATIKFIQYEVDG	0
LINIDKIYIKNKHKF	0
LFVIHLEAKVLNY	0
PALDSLTPANEDQKIGIEII	0
NVQGKTGIQQLQKWEDWVRW	0
RIKAFLALVECPCNK	0
DVFVIREPFISCSHLE	0
FKCRRWQWRMKKLGA	0
DKFTVFEAAFNDAIK	0
HLNILSTLWKYR	0
DSAFDVLSFTAEEKAGVYK	0
GVHIPYKISASTNCATVK	0
LEAIPCSIPPCFAFNKPFVF	0
DHTNFKYNYSVIEGGPIG	0
GATRERSLWIIFSKNLNIKL	0
WTDKGCFCEDKLHSCVIERKN	0
HPTWPQKSVWHGSDPNGRRLTESY	0
QKRAAYDQYGHAAFE	0
MDEIPAEQVVLLKKA	0
ATEGQVRVNSIYQDK	0
KLQKTYSQYKVQYDM	0
KNWKGIAGMAKKLLGKNWELMEK	0
QYIKANSKFIGITE	0
GTVVAVGPGRWDEDG	0
GHTIEDVKNAIGVLIGGL	0
LEAIPCSIPPCVLFNKPFVF	0
KCEFQDAYVLLSEKK	0
FKGVDAQGTLSKIFKLGGR	0
NVAGSSQIWIDH	0
LMEYNLLPLLLSLLSKKKTLTSSGL	0
EQLSFTSIGILQLLTIGTRSCWFFYCRY	0
SSYNYIKDSIDTDINFAN	0
CLLVLGIWIYLLEMLWRLGA	0
LTAEHYAAQATS	0
KNGRKLCLDLQAALY	0
INGSLDKRVQDCYHG	0
KKQSKPVTTPEEIA	0
TSAGSEGTGQALASPGSCLE	0
KIDVENLIKNSKALMDLEV	0
LQRFDQRSRQFQNLQ	0
LNDALSLRTEARATY	0
FYKNLIWLVKKGNSYPKLSK	0
TSSEVATEVPFRLMHPQPED	0
SYVLEGTLTAEKTTLVVKEG	0
ENNHRIFLAGDKDNV	0
GALMLPHFNSKAMVI	0
PRFWEYWLRLAE	0
KFNKKMHEHSEHFKHKFAEL	0
SGSLSTFFRLFNASFTQALGK	0
IRSKSINSATHYAES	0
NYAIVEGCPAAANGH	0
KRVFCAAVGRLAA	0
MQILIRKTKNNPILLIKP	0
IPQSLDSWWTSL	0
KTCENLADTFRGPCFATSNC	0
NPKFENIAEGLRALLARSHVERTTDE	0
KNQKKIRGILESLMCNES	0
LGRSGGDIIKKMQTL	0
DAENPGGEVFNDNKKGLSRV	0
LYKHPDNIDVWLGGLAENFL	0
SNQGGSPLPRSV	0
AFLPGGGGVALEAI	0
FLAPDDQIKKNV	0
ALSTLVVNKIRGTFK	0
GAWKNFWSSLRKGFYDGEAGRAIRR	0
CATCQIADSHRSHRQMV	0
SNNLEYIVGRAWIGF	0
ALFSILRGLKKLGNMGQAFVNCKIYKKC	0
LSFLPSDFFPSVRDL	0
VDSITQKKFLCDRTLWRIPFSSNFMSMGAL	0
DKKVYRVFESTVTGR	0
AGVQVHDADTIVLRR	0
KFGADARALMLQGVDLLADA	0
VSWKKSLGKIIKVVK	0
IPSLEAAVKQAYAATVAAAPQ	0
YDVFFAVANGNELLLDLSLT	0
PGTIKKISFPEGFPFKYV	0
PYGDSMDRIEKDRLQ	0
RINLKALQNILNNAKSAHFKFV	0
KGQPSKPFVGVLSAG	0
LEAIPCSIPPCVGFGKPFVF	0
ENNGGCDADAKCTEEDSGSN	0
MEVGWYRPPFSRVVHLYRNGKD	0
FLPPSPWKETFRTS	0
EEAAHWIGLEENLRED	0
IVKTGERQHGIHIQGSDPGGVRTA	0
TPNMYFKDVVIYHKK	0
LKLASIVSWAKKVL	0
IRGRTKFEGNKFTID	0
TYEIAPVFVLLFYVTLKKMR	0
RWRQIFNMVGFRNAV	0
VAKVNIKPLEDKILV	0
GEWYNQTKDLQQKFYEIIMDIEQNNVQGKKGIQQL	0
SHRTATAAEELA	0
LPGPSPAQLFQDSGLLYLAQE	0
VLEKLEAGFAKLAAS	0
GGPPFTPTQKRKMAGTI	0
DFDMLRCMLGRVYRPCWQV	0
EKKATEAKQKVDAEE	0
GGGYITCPPYVEVCQ	0
AVFGEIRTTKRFPID	0
ENPKKYIPGTK	0
EGKQSLTKLAAAWGGSGSEA	0
ATEGRVRVNSAYQDK	0
NHLYETPISATAMVI	0
ERANLRPCEQHLMQKIQRDE	0
WTSYGILIARKGDRI	0
GNAEKYDKMDEPQHYGKS	0
HTPGVHMASLSVYLKTNVFL	0
TRNLMGVSELLISTA	0
PESRKKLEKALLAWA	0
EVVETDGKKKECSS	0
GADLDKIGLHSDSQE	0
DRIEKDRLQGMAPAA	0
SHCCAFKNQKKIRGILESL	0
RSTMKPVQKVLEDSDLKKSD	0
RQSGATIADVLAEKE	0
AVVESNGTLTLSHFGKC	0
GWFEGWFNRSPWFTT	0
ASMNRPNLVAL	0
RHNWVNHAVPLAMKLI	0
KPTQAFVKQHLCGPHL	0
FLPLLLSALPSFLCLVFKKC	0
CELDENNTPMC	0
RDYVSELPTEVQKLKEKCDG	0
ERTYLVNDKAAKMHA	0
MRKEFHNVLSSGQLLADKRPARDYNRK	0
LEAIPCSIPPCFLFGKPFVF	0
LQCLDGDDAKVTFDEENG	0
DAYPSGAWYYVPLGTQYT	0
SQKDLLEQRRAAVDTYCR	0
LTAELKIYSVIQAEINKHL	0
KLPINALSNSLLRHH	0
CETWRTETTGATGQASSLLSGRLLEQKAASCHNSYIVLCIENSFMTSFSK	0
GAGDENIEDRGMLATV	0
SGSLSTFFRLFNRSQTQALGK	0
ITGRLAALNAYVSQTLTQY	0
RNIPPRMFTAEEKAEA	0
IQKEIDRLNEVAKNLNESLIDLQELGK	0
VALALFLLAAHASARQQWEL	0
HGTSATAAAIQLMCSDSVPC	0
VDKNARGFYSGRLIPTCKNL	0
ERRNKYLEEHPSAGKDP	0
AVGADESVVKEAHREVINS	0
VIVELIPSTSSAV	0
TILLEIKNINAD	0
TLRLCVQSTHVDIRT	0
GCSRWIIGIHGQICRD	0
HSDGIFTDSYSRYRKQMAVKKYLAAVL	0
VVGSPSAQDEASPL	0
GTNISKEHDGECKE	0
FGKQGFFPDSVNKALY	0
VGSRYLCTPGSCWKLVCFTTTVK	0
LRKGNYAERVGAGAP	0
WARMILMTHFFSVLIARDQLEQ	0
NELNEFENNQRCMCEALQQI	0
ADMLEQYNPNYTTPELNLL	0
LIHLHQNIVDVQYLYGV	0
IDQIEKQAKDLAFPG	0
LRFQKAFLTQLDELLTEHRM	0
YISPYFINTSKGQKCEFQDA	0
RNFQPMSRQVVDDTKYKDYQQVGILHQHNN	0
AVFEAALTKAITAMS	0
GAGPKDNGGACGYKDVDKAP	0
DIEITCVYCKTVLEL	0
SLKMADPNRFRGKDLP	0
IQEVKEQRISGLLVS	0
AKDMKIMQNIAQTISLIAGQK	0
RDGQLTIKAERTEQKDFDGR	0
CIWVSDGKKLWRH	0
LVYPTSLGFPLKLVL	0
TGASSEEEDPF	0
SPLGYGFAVRNSG	0
PITAKAIAASVG	0
KSMKVTVAFNQFGPNAGQRM	0
LERLDVGTNLGNAIAKLEAKELLESSDQILRSMK	0
RQQEQQFKRELRNLPQQCGL	0
RMIYKNILFYLVPGPGHGAEPERRNIKYL	0
ECLPQHAMFGNDTITCTTHGN	0
YIIDTGIDIDHEDFQGRAKW	0
WNNMTWMEWDREINNYTSLIHSLIEESQNQQEKNEQ	0
STGFYLCTARSSLGS	0
ADNLTTIAHELQQYIDNLNK	0
KTLTNKLKAAEARAE	0
NDFLKTGHYTQMVWA	0
RARRSLLIASALCTSDVAAATNADLRTALARADHQKTLFWL	0
QLQKNFQAISSSIAEIYNRL	0
EQQSDLEQERLAKEKLQ	0
SEWSDCSVTCGKGMRTRQR	0
GPWGPCSGSCGPGRRLRRR	0
MNPNQKIITIGSISIAI	0
NNSVALDPIDISIELNKAKSDLEESKEWIRRSNQK	0
ESVFSKIGNAVGPAAYWILKGLGNMSDVNQADRINRKKH	0
PGEVGFAGSPGARGF	0
TTWEAWDRAIAEYAARIEALIRASQEQQEKNEAELREL	0
ACDTATCVTHRLAGLLSRSGGVVKNNFVPTNVGSKAF	0
EDKKEDVGTVVGIDLGTTYS	0
SMATGWLQNNGSWYY	0
VIKGGRHLIFCHSKKKCD	0
LSPQVLAAVIFIYFAA	0
DAEFRHDSGYEVHHQKLVFFAEDVGSNKGAIIGLMVGGVVIA	0
VYWKKILGKIIKVVK	0
WEKPFRFHPEHFLDAQGHFV	0
SAPFIECHGRGTCNYYANS	0
AKGVSLVAVKVLDCDGSGSN	0
QSSAVMALQEASEAY	0
QMIVIELGTNPLKSSGIENGAFQGMK	0
YTSLIHSLIEESQNQQEKNEQELLELDKWASLANWF	0
GMEVGWYRPPFSRVVHLYRNGKD	0
FPTLLLIVTLYRLALNVATTRM	0
WDREINNYTSLIHSLIEESQNQQEKNEQELLELDKW	0
YTQLGRAAATLMTER	0
GEVNKIALLSTNKAVVSLSNGVSVLTSKVLDLK	0
VNKIALLSTNKAVVSLSNGVSVLTSKVLDLKNY	0
GRTGRGKPGIYRFVAPGE	0
GIWSSIKNLASKAWNSDIGQSLRNKAAGAINKFVADKIGVTPSQAAS	0
NRLTPEEIERMVNDAEKFAE	0
EGPGLGNWAREIWATLFKKA	0
TRSSRAGLQFPVGRVHRLLRK	0
EWDREINNYTSLIHSLIEESQNQQEKNEQELLELDK	0
SVELIDIGGNRRIFGFNALVD	0
LDVAEGDTVIYSKYG	0
ITDNPYMTSIPVNAFQGLC	0
IWNHGNLTLGEWYNQTKDLQQKFYEIITMDIEQNNV	0
ENFFKEIERAGQRIRDAIISAAPAVETLAQAQKIIKGGD	0
TLDISNNRLESLPAH	0
LNNSVALDPIDISIELNKAKSDLEESKEWIRRSNQ	0
GINTIPIAINEAEYV	0
DKTIKLWNTLAECKY	0
YTSLIHSLIEESQNQQEKNEQELLELDKWASLWNWF	0
DFWQMVWESGCTVIVMLTPLVEDGV	0
LHRIDLGPPISLERLDVGTNLGNAIAKLEDAKELL	0
YDHIQDHVNTMFSRLATSWCLLQNKERALWAEAA	0
ERRAKEKLQEQQRDLEQRKADTKK	0
GKPASNLVECVFSLFKKCN	0
KELEEIVQPIISKLYGSAGP	0
PIDISIELNKAKSDLEESKEWIRRSNQKLDSIGNW	0
QEWERKVDFLEENITALLEEAQIQQEKNMYELQKL	0
CGSVFLVGQLFTFSPRHH	0
FLPFSAGRRACLGEPLARME	0
NTLYSGHKDNLIRVWSISDAE	0
TTWEAWDRAIAEYAARIEALIRALQELQEKNEAALREL	0
IYSFDGRDIMTDPSWPQKVIWHGSSPHGVRLVDNYCEAWRTA	0
KVDFLEENITALLEEAQIQQEKNMYELQKLNSWDV	0
NGKQVCLDPEAPFLKKVIQKILDS	0
YKIADPICTFIFSIL	0
GKWLSLLKHILK	0
KRFKKFFKKPK	0
FAKLLALALKLKL	0
KIKLFKKWPKFLHLAKKF	0
SGSWLRDIWDWICEVLSDFK	0
LLQWLSKLLGRWL	0
EMRKPDGALFNLFRRR	0
PAWRKAFRAAWRMLKKAA	0
LGNWAREIWATLFK	0
FLKLLKKLAAKLF	0
PAWRKAFRWAKRMLKKAA	0
FAKLLAKLAKAKA	0
GMWSKILGHLIK	0
FAKLFAKLAKKFAL	0
KNLRRIIRKIIHIIKKYG	0
FAKLLAKLAKLKL	0
GKATSSISKCVFSFFKKC	0
IGKEFKRIVQRIKDF	0
WFKKIPKFLHLAKKF	0
MLMIIIVIAI	0
KWKSFLKTFKSAKKKVLHKALKAISK	0
GILKTIKSIASKLKRKAK	0
LQWLSFILSLKKRLLPLLLSL	0
FAKKLAKKLAKAAL	0
GLFDKLKSLVSDF	0
GKWSKILGHLIR	0
FKRLEKLFKKIWNWK	0
KWLKKLLKKLL	0
GKFMSLLKHILK	0
FVQWFSRFLGRIL	0
GIGAVLKVLALISWIKRKR	0
KRAKKFFKKPK	0
KKKKKKAAFALWLAFAA	0
AKKVFKRLGIGAVLWVLTWG	0
VNWRRILGRIIRVVR	0
ILPLKWPWWPWRR	0
GLGSVFGRLARIGRVIPKV	0
KWKLFKKIGIGKFLHWAKKF	0
FKRIVQRIKDFLRNLV	0
DKRLPYFFKHLFSNRTK	0
FALALKLAKKAL	0
GIIKKIIKKI	0
GLFDIIKKIAESW	0
SWLRDIWDWIEEVLSDFK	0
FAKLLAKLAK	0
GKWSKILGKLIR	0
ILPLKLPLLPLRR	0
KWFKKIPKFLHLLKKF	0
GWFDIIKKIASEL	0
DLRNIFLKIKFKKK	0
EGPTLGNWAREIWATLFKKG	0
FALALKALKKLKKALKKAL	0
FAKLLAKALKKL	0
GFWGKLFKLGLHGIGLLHLHL	0
FAKLLAKALKKFL	0
FVRWFSRFLGRIL	0
IQLFDRILLLFKPPK	0
LLGDFFRKSKEK	0
VNWKKLLGKLLKVVK	0
RRKKAAVALLPAVLLAL	0
FAKLLAKLAKKEL	0
KLLKKLLKWLK	0
RRKKAAVALLKAVLLAALAP	0
KRFKKFFKKLK	0
AWIGFWLILLVMLVVA	0
SWLRDLWDWICEVLSDFK	0
FFPLALLCKVFKKC	0
ILGKLLSTWAGLLSNL	0
ALLVLYSFALMLIIIILIIF	0
PRIVLDVASSVF	0
KWKLFKKIPKFLHLA	0
