GSEIQPR	0
QPFSLERW	0
YCSYTMEA	0
NIPQLTPTP	0
EPFKISIHL	0
SVAGRAQGM	0
RCVCTRGFC	0
RCVCRRGVC	0
CVFSFFKKC	0
CVFSLFKKC	0
LLPNLLKSLL	0
DNGEAGRAAR	0
VAPFPEQFLX	0
DDFLCAGGCL	0
KTCENLADTY	0
KVHGSLARAGK	0
SLLSLIRKLIT	0
AVPDVAFNAYG	0
TESYFVFSVGM	0
SINSQIGKATS	0
AGTKPQGKPAS	0
FCKSLPLPLSVK	0
ILGTILGLLKSL	0
TPVVNPPFLQQT	0
FLPIIAKLLGGLL	0
FLPIPRPILLGLL	0
INWKGIAAMKKLL	0
FLPLIGRVLSGIL	0
LLPILGNLLNGLL	0
VLPIIGNLLNSLL	0
FLPLIGKVLSGIL	0
FVQWFSKFLGRIL	0
GLFDIIKNIFSGL	0
GLFDIIKNIVSTL	0
FLPLLFGAISHLL	0
INWKGIAAMAKKLL	0
IDWKKLLDAAKQIL	0
INLKAIAAMAKKLL	0
SCNCVCGFCCSCSP	0
SSISKCVFSFFKKC	0
ANDPQCLYGNVAAKF	0
DTHISEKIIDCNDIG	0
IIGHLIKTALGMLGL	0
IIGHLIKTALGFLGL	0
GRPNPVNTKPTPYPRL	0
GRPNPVNNKPTPHPRL	0
GLFDVIKKVASVIGGL	0
GLFDIIKKVASVVGGL	0
GLFDIIKKVASVIGGL	0
IIEKLVNTALGLLSGL	0
INWKKIAEIGKQVLSAL	0
KWCFRVCYRGICYRKCR	0
FITLLLRKFICSITKKC	0
SAPRGCWTKSYPPKPCK	0
PAQPFRIKKRQGPFERP	0
RRWCFRVCYRGFCYRKCR	0
RRWCFRVCYKGFCYRKCR	0
GLLGPLLKIAAKVGSNLL	0
DWTXWSXLVXAACSVELL	0
IFGAILPLALGALKNLIK	0
GFLSILKKVLPKVMAHMK	0
GPVGLLSSPGSLPPVGGAP	0
GFKDLLKGAAKALVKTVLF	0
GLVDVLGKVGGLIKKLLPG	0
FLSLIPHAINAVSAIAKHN	0
MPGLDSPAAVRRAAMDLLAR	0
VNPIILGVLPKFVCLITKKC	0
FIGTALGIASAIPAIVKLFK	0
FIGLLISAGKAIHDLIRRRH	0
PAQPFRFPKHPQGPQTRPPI	0
CLGVGSCNNFAGCGYAIVCFW	0
GFRDVLKGAAKQFVKTVAGHIANI	0
GFKDWIKGAAKKLIKTVAANIANQ	0
GIKDWIKGAAKKLIKTVASHIANQ	0
GFKDWIKGAAKKLIKTVASSIANE	0
GFKDWIKGAAKKLIKTVASAIANQ	0
FWGALAKGALKLIPSLFSSFSKKD	0
GLLNGLALRLGKRALKKIIKRLCR	0
VTSWSLCTPGCTSPGGGSNCSFCC	0
HVDKKVADKVLLLKQLRIMRLLTRL	0
FFGWLIKGAIHAGKAIHGLIHRRRH	0
FFGWLIRGAIHAGKAIHGLIHRRRH	0
GLWSKIKEAAKTAGLMAMGFVNDMV	0
VIDDLKKVAKKVRRELLCKKHHKKLN	0
RFRLPFRRPPIRIHPPPFYPPFRRFL	0
FWGHIWNAVKRVGANALHGAVTGALS	0
ALWMTLLKKVLKAAAKALNAVLVGANA	0
ALWKTLLKNVGKAAGKAALNAVTDMVNQ	0
GLWETIKNFGKKFTLNILHKLKCKIGGGC	0
GLWETIKNFGKKFTLNILHNLKCKIGGGC	0
DFKDWMKTAGEWLKKKGPGILKAAMAAAT	0
GLWSTIKQKGKEAAIAAAKAAGQAALGAL	0
ACLPNSCVSKGCCCGBSGYWCRQCGIKYTC	0
ALWKNMLKGIGKLAGQAALGAVKTLVGAES	0
ASIIKTTIKVSKAVCKTLTCICTGSCSNCK	0
MRQPIEKSLRQRALEYLSKREYSAVELAQKL	0
ALWKTMLKKLGTMALHAGKAAFGAAADTISQ	0
SASIVKTTIKASKKLCRGFTLTCGCHFTGKK	0
RTCRCRLGRCSRRESYSGSCNINGRIYSLCCR	0
GLLNTFKDWAISIAKGAGKGVLTTLSCKLDKSC	0
SLFSLIKAGAKFLGKNLLKQGAQYAACKVSKEC	0
VTCFCRRRGCASRERHIGYCRFGNTIYRLCCRR	0
VTCFCRRRGCASRERLIGYCRFGNTIYGLCCRR	0
SHQDCYEALHKCMASHSKPFSCSMKFHMCLQQQ	0
GLWSKIKAAGKEAAKAAAKAAGKAALNAVSEAV	0
RRICRCRIGRCLGLEVYFGVCFLHGRLARRCCR	0
GFSSLFKAGAKYLLKSVGKAGAQQLACKAANNCA	0
RYCPRNPEACYNYCLRTGRPGGYCGGRSRITCFCFR	0
ACNFQSCWATCQAQHSIYFRRAFCDRSQCKCVFVRG	0
LFCRKGTCHFGGCPAHLVKVGSCFGFRACCKWPWDV	0
GFGCPFNQGACHRHCRSIRRRGGYCAGLFKQTCTCYR	0
GILDSFKQFAKGVGKDLIKGAAQGVLSTMSCKLAKTC	0
GKFSVFGKILRSIAKVFKGVGKVRKQFKTASDLDKNQ	0
GKFSGFAKILKSIAKFFKGVGKVRKQFKEASDLDKNQ	0
GKLSGISKVLRAIAKFFKGVGKARKQFKEASDLDKNQ	0
GKFSVFSKILRSIAKVFKGVGKVRKQFKTASDLDKNQ	0
DLHIPPPDNKINWPQLSGGGGGSPKTGYDININAQQK	0
FTCAISCDIKVNGKPCKGSGEKKCSGGWSCKFNVCVKV	0
GFGCPLNQGACHRHCRSIRRRGGYCAGFFKQTCTCYRN	0
GFGCPWNRYQCHSHCRSIGRLGGYCAGSLRLTCTCYRS	0
TTKNYGNGVCNSVNWCQCGNVWASCNLATGCAAWLCKLA	0
ENFFKEIERAGQRIRDAIISAAPAVETLAQAQKIIKGGD	0
MSAEALADPKADPLAGPNPDADPEAINLKAIAALAKKLLG	0
ATCDLLSGIGVQHSACALHCVFRGNRGGYCTGKGICVCRN	0
YDLSKNCRLRGGICYIGKCPRRFFRSGSCSRGNVCCLRFG	0
MTKITIPTALSAKVHGEGQHLFEPMAARCTCTTIISSSSTF	0
MTQIKVPTALIASVHGEGQHLFEPMAARCTCTTIISSSSTF	0
QQCGRQASGRLCGNRLCCSQWGYCGSTASYCGAGCQSQCRS	0
YVSCLFRGARCRVYSGRSCCFGYYCRRDFPGSIFGTCSRRNF	0
YITCLFRGARCRVYSGRSCCFGYYCRRDFPGSIFGTCSRRNF	0
EADEPLWLYKGDNIERAPTTADHPILPSIIDDVKLDPNRRYA	0
EIRLPEPFRFPSPTVPKPIDIDPILPHPWSPRQTYPIIARRS	0
KNYGNGVYCNKHKCSVDWATFSANIANNSVAMAGLTGGNAGNK	0
MKKAVIVENKGCATCSIGAACLVDGPIPDFEIAGATGLFGLWG	0
ATCDILSFQSQWVTPNHAGCALHCVIKGYKGGQCKITVCHCRR	0
KYYGNGVSCNKKGCSVDWGKAIGIIGNNSAANLATGGAAGWSK	0
VTCDLLSFEAKGFAANHSICAAHCLVIGRKGGACQNGVCVCRN	0
VTCDLLSFEAKGFAANHSICAAHCLAIGRKGGSCQNGVCVCRN	0
VTCDLLSLQIKGIAINDSACAAHCLAMRRKGGSCKQGVCVCRN	0
MVRARRGCGCPLNQGACHRHCKSIGRRGGYCAGFLKQTCTCYRN	0
YSRCQLQGFNCVVRSYGLPTIPCCRGLTCRSYFPGSTYGRCQRF	0
DKLIGSCVWGAVNYTSDCNGECKRRGYKGGHCGSFANVNCWCET	0
GKVWDWIKSAAKKIWSSEPVSQLKGQVLNAAKNYVAEKIGATPT	0
GKVWDWIKSTAKKLWNSEPVKELKNTALNAAKNFVAEKIGATPS	0
DKLIGSCVWGATNYTSDCNAECKRRGYKGGHCGSFWNVNCWCEE	0
YDNVNLDEILANDRLLVPYIKCLLDEGKKAPDAKELKEHIRXAL	0
FKLGSFLKKAWKSKLAKKLRAKGKEMLKDYAKGLLEGGSEEVPGQ	0
MNNTIKDFDLDLKTNKKDTATPYVGSRYLCTPGSCWKLVCFTTTVK	0
DVQCGEGHFCHDXQTCCRASQGGXACCPYSQGVCCADQRHCCPVGF	0
MRNDVLTLTNPMEEKELEQILGGGNGVLKTISHECNMNTWQFLFTCC	0
MRNDVLTLTNPMEENELEQILGGGNGVLKTISHECNMNTWQFLFTCC	0
MKNSKDILNNAIEEVSEKELMEVAGGKRGSGWIATITDDCPNSVFVCC	0
FRGLAKLLKIGLKSFARVLKKVLPKAAKAGKALAKSMADENAIRQQNQ	0
MDAAHLSDLDIDALEISEFLDESRLEDSEVVAKVMSASCTTCECCCSCSS	0
ALEASGCLNCHGTDLTGXPAXPATMPPGMFKGSNQQLKALSEFIHGLSAK	0
KDRPKKPGLCPPRPQKPCVKECKNDDSCPGQQKCCNYGCKDECRDPIFVG	0
KFCEKPSGTWSGVCGNSGACKDQCIRLEGAKHGSCNYKLPAHRCICYYEC	0
MKEQNSFNLLQEVTESELDLILGAKGGSGVIHTISHECNMNSWQFVFTCCS	0
MEKNNEVINSIQEVSLEELDQIIGAGKNGVFKTISHECHLNTWAFLATCCS	0
FNKLKQGSSKRTCAKCFRKIMPSVHELDERRRGANRWAAGFRKCVSSICRY	0
MTKEHEIINSIQEVSLEELDQIIGAGKNGVFKTISHECHLNTWAFLATCCS	0
MEAVKEKNDLFNLDVKVNAKESNDSGAEPRIASKFICTPGCAKTGSFNSYCC	0
MEAVKEKNELFDLDVKVNAKESNDSGAEPRIASKFLCTPGCAKTGSFNSYCC	0
MQLNLGAIFLALLGVMATATSVLAEPHRHQGPIFDTRPSPFNPNQPRPGPIY	0
MSEIKKALNTLEIEDFDAIEMVDVDAMPENEALEIMGASCTTCVCTCSCCTT	0
MNKLNSNAVVSLNEVSDSELDTILGGNRWWQGVVPTVSYECRMNSWQHVFTCC	0
TEQAAPAADDPEGMVKASCASCHGQNLEGGVGPALADVGSRNAMPAGMVDPAK	0
MNNSLFDLNLNKGVETQKSDLSPQSASVLKTSIKVSKKYCKGVTLTCGCNITGGK	0
FSFKRLKGFAKKLWNSKLARKIRTKGLKYVKNFAKDMLSEGEEAPPAAEPPVEAPQ	0
MSKFDDFDLDVVKVSKQDSKITPQWKSESLCTPGCVTGALQTCFLQTLTCNCKISK	0
MEKLFKEVKLEELENQKGSGLGKAQCAALWLQCASGGTIGCGGGAVACQNYRQFCR	0
MKAIVVLLILALILCLYAMTTVEGACQFWSCNSSCISRGYRQGYCWGIQYKYCQCQ	0
MENSKIMKDIEVANLLEEVQEDELNEVLGAKKKSGVIPTVSHDCHMNTFQFMFTCCS	0
MENSKVMKDIEVANLLEEVQEDELNEVLGAKKKSGVIPTVSHDCHMNSFQFVFTCCS	0
MKYFVVLVVLALILAITVGPSDAVFIDILDKMENAIHKAAQAGIGIAKPIEKMILPK	0
MGNNEEYFIDVNDLSIDVFDVVEQGGAVTALTADHGMPEVGASTNCFCYICCSCSSN	0
MSTKDFNLDLVSVSKKDSGASPRITSISLCTPGCKTGALMGCNMKTATCHCSIHVSK	0
MKYFVVLVVLALILAISVGPSDAVFIDILDKVENAIHNAAQVGIGFAKPFEKLINPK	0
MKYFSVLVVLTLILAISVGQSNAIFVDVLDNVETALHNAAKAGFKLIKPIEKLIMPK	0
MKYFVVLVVLALILAITVDPSDAVFIDILDKMENAIHKAAQAGIGLAKPIENMILPK	0
MNKNEIETQPVTWLEEVSDQNFDEDVFGACSTNTFSLSDYWGNNGAWCTLTHECMAWCK	0
MNFTKLFLLIAMAVLLLTGQSEAGGLKKLGKKLEGAGKRVFNAAEKALPVVAGAKALGK	0
MKNNKNLFDLEIKKETSQNTDELEPQTAGPAIRASVKQCQKTLKATRLFTVSCKGKNGCK	0
ETESTPDYLKNIQQQLEEYTKNFNTQVQNAFDSDKIKSEVNNFIESLGKILNTEKKEAPK	0
MKYFVVLVVLALILAIAVGPSDAVFIDILDKMENAIHKAAQAGIGIAKPIENMILPKLTK	0
ADDRNPLEQCFRETDYEEFLEIARNNLKATSNPKHVVIVGAGMAGLSAAYVLSGGGHQVTV	0
KDGYIIEHRGCKYSCFFGTNSWCNTECTLKKGSSGYCAWPACWCYGLPDNVKIFDSNNLKC	0
LPVAFLKFAIVLILFIAMSAMIEAQCIGNGGRCNENVGPPYCCSGFCLRQPGQGYGYCKNR	0
MFTLKKSLLLLFFLGTINLSLCEEERNAEEERRDEPDERDVQVEKRLLPIVGNLLKSLLGK	0
MKTVKELSVKEMQLTTGGKYYGNGVSCNKNGCTVDWSKAIGIIGNNAAANLTTGGAAGWNKG	0
MFTMKKTLLVLFFLGVVSLSLCVEERDADEEDGGEVMEEEVKRGALRGCWTKSYPPKPCKGK	0
NRWYCNSAAGGVGGAAVCGLAGYVGEAKENIAGEVRKGWGMAGGFTHNKACKSFPGSGWASG	0
MKYFSVLVVLTLILAIVDQSDAFINLLDKVEDALHTGAQAGFKLIRPVERGATPKKSEKPEK	0
MFTLKKSLLLLFFLGTISSSLCEQERDSDDEDQGEVTEQVVKRLVRGCWTKSYPPKPCFVRG	0
MSNTQLLEVLGTETFDVQEDLFAFDTTDTTIVASNDDPDTRFKSWSLCTPGCARTGSFNSYCC	0
MAKVPIAFLKFVIVLILFIAMSGMIEACIGNGGRCNENVGPPYCCSGFCLRQPNQGYGVCRNR	0
YLDVKQLANYLLCIGNGQVFNGRKTCQIGCRAVCQQPGCSGYKECEQIPNIRLHKYRCHCNEA	0
YLDVNQIASYLLCLGEGAVFNGRKTCQIGCRAACQQPGCGGYKECEQIPNIRLHKYRCHCISG	0
MSKLVKTLTVDEISKIQTNGGKPAWCWYTLAMCGAGYDSGTCDYMYSHCFGVKHSSGGGGSYHC	0
KDGYLVGNDGCKYSCFTRPGTYCANECSRVKGKDGYCYAWMACYCYSMPNWVKTWNRATNRCGR	0
CAFIM	1
CDFIF	1
CGGLF	1
CGSLF	1
CSGLF	1
AKDEH	1
AKTVQ	1
ARNQT	1
NNWNN	1
CVGIW	1
DRVGA	1
EKMIG	1
ERGMT	1
ERNNT	1
ERPVG	1
LDWKY	1
MDWHY	1
CSSLF	1
GKAEF	1
GNWNN	1
IRFVT	1
LPFEF	1
LPFEH	1
MKAEH	1
MPFEF	1
CDFIM	1
NNGNN	1
NNWGN	1
NNWNG	1
PITNF	1
PWTNF	1
QKGMY	1
QRGMI	1
SKDYN	1
SRKAT	1
SRNVT	1
VPFEF	1
IFWEQ	1
CVLVTL	1
GIFWEQ	1
YKPITN	1
GIFWAQ	1
AIFWEQ	1
MLDWKY	1
MMDWHY	1
TREWDG	1
GAFWEQ	1
YSPITNF	1
YSPWTNF	1
ADLPFEF	1
AITLIFI	1
DICNAYF	1
DMCNGYF	1
KCVLVTL	1
YKPITNF	1
YSPCTNF	1
AGIFWEQ	1
INCDFLL	1
LVTLVFV	1
NEVPFEF	1
NNNWNNN	1
SDLPFEH	1
SDMPFEF	1
STCAFIM	1
SYPGWSW	1
GLDWWSL	1
DIIIVGG	1
ALILTLVS	1
DSACHLGI	1
DSACVFGA	1
DSACYVSA	1
DSVCASYF	1
YSPCTNFF	1
FLVMFLSG	1
GKCVLVTL	1
ASTCDFIM	1
YATCDFIM	1
YSTCAFIM	1
YSTCDAIM	1
YSTCDFAM	1
YSTCSSLF	1
LFSLVLAG	1
LFVVTLVG	1
YSTCDFIM	1
YSTCYFIM	1
YSTSDFIM	1
SSACVWCV	1
SSACYWCV	1
VAVLVLGA	1
YNPCASYL	1
YNPCSNYL	1
YNPCVGYF	1
YNPCLGFI	1
YSTCSYYF	1
DIIIIVGG	1
DILIIVGG	1
ETIIIGGG	1
LPYFAGCL	1
SPNIFGQWM	1
AVNACSSLF	1
DPITRQWGD	1
YTNGNWVPS	1
GAKPCGGFF	1
GANPCOLYY	1
GGKVCSAYF	1
GVAACSSLF	1
GVNACSSLF	1
GVNPCGGWF	1
GYRTCNTYF	1
GYSTCSYYF	1
KTKTCTVLY	1
KYNPCANYL	1
KYNPCASYL	1
KYNPCLGFL	1
KYNPCSNYL	1
KYYPCFGYF	1
NGKCVLVTL	1
RIPTSTGFF	1
SVKPCTGFA	1
EGIIVIVVG	1
LVMCCVGIW	1
ILPYFAGCL	1
NSPNIFGQWM	1
ADPITRQWGD	1
CVFSLFKKCN	1
ILSGAPCIPW	1
KAKTCTVLY	1
VGARPCGGFF	1
AILPYFAGCL	1
QNCPNIFGQWM	1
QNHPNIFGQWM	1
QNSPNIFGQWM	1
QASPNIFGQWM	1
ANSPNIFGQWM	1
AASPNIFGQWM	1
QNDPNIFGQWM	1
QNSPNIFGQFM	1
IAILPYFAGCL	1
FHWWQTSPAHFS	1
WPFAHWPWQYPR	1
AFLPGGGGVALEAI	1
DLRNIFLKIKFKKK	1
DLRGVPNPWGWIFGR	1
SNLVECVFSLFKKCN	1
EMRKSNNNFFHFLRRI	1
DSRIRMGFDFSKLFGK	1
EIRQTHNIFFNFFKRR	1
EMRKPDGALFNLFRRR	1
DKRLPYFFKHLFSNRTK	1
DRRDPRGIIGIGKKLFG	1
DWRISETIRNLIFPRRK	1
EMRISRIILDFLFLRKK	1
EMRLPKILRDFIFPRKK	1
EMRLSKFFRDFILQRKK	1
ESRLPKILLDFLFLRKK	1
ESRLPKIRFDFIFPRKK	1
ESRISDILLDFLFQRKK	1
SGSLSTFFRLFNRSFTQ	1
STFFRLFNRSFTQALGK	1
GKATSSISKCVFSFFKKC	1
GLWEDLLYNINRYAHYIT	1
LSTFFRLFNRSFTQALGK	1
SGSLSTFFRLFNRSFTQA	1
SGTLSTFFRLFNRSFTQA	1
SLSTFFRLFNFSFTQALG	1
DIRHRINNSIWRDIFLKRK	1
GKPASNLVECVFSLFKKCN	1
SGSLSTFFRLFNRSFTQAL	1
SLSTFFRLFNRSFTQALGK	1
GSLSTFFRLFNRSFTQALGK	1
SGSLSTFFRLFNRSFTQAGK	1
SGSLSTFFRLFNRSFTQALG	1
SGSLSTFFRLFNRSFTQALK	1
SGSLSTQFRLFNRSFTQALGK	1
CLGVGSCNDFAGCGYAIVCFW	1
SGSLSTFFLLFNRSFTQALGK	1
SGSLSTFFRLFLRSFTQALGK	1
SGSLSTFFRLFNASFTQALGK	1
SGSLSTFFRLFNRSFTQALGA	1
SGSLSTFFRLFNRSFTQALGK	1
SGSLSTFFRLFNRSFTQALGV	1
SGSLSTFFRLFNRSQTQALGK	1
SGSLSTFFRLQNRSFTQALGK	1
MKKVNKALLFTLIMDILIIVGG	1
VGSRYLCTPGSCWKLVCFTTTVK	1
SQKGVYASQRSFVPSWFRKIFRN	1
TNRNYGKPNKDIGTCIWSGFRHC	1
MKKISKFLPILILAMDIIIIVGG	1
AGTKPQGKPASSISKCVFSFFKKC	1
SINSQIGKATSSISKCVFSFFKKC	1
SKNSQIGKSTSSISKCVFSFFKKC	1
AGTKPQGKPASNLVECVFSLFKKCN	1
SINSQIGKATSNLVECVFSLFKKCN	1
WKAELAPGAVGALQAFLQLANAKIK	1
KSSAYSLQMGATAIKQVKKLFKKWGW	1
TPGGFDIISGGPHVAQDVLNAIKDFFK	1
GLWEDILYSLNIIKHNNTKGLHHPIQL	1
EQLSFTSIGILQLLTIGTRSCWFFYCRY	1
SGWMDYINGFLKGFGGQRTLPTKDYNIPQV	1
AGPAIRAAVKQAQKLKARLFVAAKGKNGAL	1
