DLMGYIPLV	1
DLNLPRLNALSAWLL	1
DPAQPPRDLTEAFLAEMEKAKGN	1
DQMWKCLIRLKPTLHGPTP	1
DRGFDGLAGLPGEKG	1
DRWLDLRYVGPASAD	1
DSDVGEFRAVTELGRPDAEY	1
AARVTQILSSLTITQLLKRLHQWI	1
DSLSPRRAGAKAGPGLSPGT	1
DTSSTWTWPAARIAE	1
DVNYGYNAATGEYGD	1
DWVSSHSKSL	1
DYIIDHVDQHNATEI	1
EALEILQQNKILANFV	1
EAWGALANWAVDSA	1
EAWLDSTKAT	1
AAVPVLAFDAARLRLLE	1
EENMDVEIW	1
EEPYFLISNLPYYIATR	1
EGKQSLTKLAAAWGG	1
EGKQSLTKLAAAWGGSGSEA	1
EGNRPTNSIVFTKLT	1
EIINFEKL	1
EKLKHILGKARFIKLN	1
ELAGIGILTV	1
ELRVVGNNLKSLEVS	1
EMKTDAATL	1
EMLFNFLKEQLNKLLGLLRLF	1
ENAYEYLKHNGLETE	1
ENIQRFLPNPAGVQLEDPEF	1
EPGIAGFKGEQGPKGEPG	1
EPLPQGQLTAY	1
ADLFQLLLTNSVDNTFP	1
ERMRKVLENRSLSDE	1
ERRAKEKLQEQQRDLEQRKADTKK	1
ERTYLVNDKAAKMHA	1
ERVRFLDRYFYNQEESVRF	1
ESPVDQDPDCLFCED	1
ESSPNTQWELRAFMA	1
EVKSFQWTQALRREL	1
FAFVNAAHA	1
ADTLEQQNKEANNRA	1
FAGHGKAYLHGSFDK	1
FAPLFTNL	1
FASFDVPSKQPTIDIDLTDI	1
FATGIGIITV	1
FEAQKAKANRAVD	1
FEAQKARANKAVD	1
AEFFRNIYANNLKLARKIFKDTL	1
FGGHYMESVFQMYTR	1
FGLLNYALV	1
FKAQKAKANKAVD	1
FKGVDAQGTLSKIFKLGGR	1
FKNTEISFKLGQEFEETTADNRKTK	1
FKPVIIYNFLQSLRLLSDSME	1
FLAIGFIYALKRNALSWQK	1
AELKKQSKPVT	1
FLLVAHYAI	1
FLPRLGTEL	1
FLWEDQTLL	1
FLYALALLL	1
FPRSMLSIF	1
FPTLLLIVTLYRLALNVATTRM	1
FQLMRPPNM	1
AEQFKQKALGLLQTASRQAE	1
FSPSLEHPIVVSGSWD	1
FSRVVHLYRN	1
FTSFSPY	1
FVKQHLCGPHLVEALYLV	1
FVKQHLCGSHLVEALYLV	1
FVPLYSSKSATSVGTPTRVS	1
FVSCCGELTV	1
FWTRALTGYAQLIDSEGDDT	1
AFVFLQILNNLVTAYMLM	1
FYMFEDFLVYKSGIY	1
FYQEAAPAQSDVAL	1
GAINFINL	1
GAMRAVVPI	1
GAPINSATAM	1
GAPRNRELF	1
GAVQNEITL	1
GDTRPRFLWQPKRECHFFNG	1
GETALALLLL	1
AGAFHLLMAESLRIHYA	1
AAFEFINSL	1
GGGGASMI	1
GGLVRTVHLPAPNVA	1
GGSILQTNFKSLSSTEF	1
GHTIEDVKNAIGVLIGGL	1
GIAYFSMVGNWAKVL	1
GIDFYTSITRARFEE	1
GILDFGVKL	1
GILGFVFTL	1
GINTIPIAINEAEYV	1
GKDFFKPLRILLTGNSHGVEF	1
GKTLAEVKALTTELTAENQE	1
GLIYNRMGAVTTE	1
GLKGPDIYKGVYQFKSVEFD	1
GLLGCIITSL	1
GLSLSAPSTGAGGGLPGPG	1
GLYYVHEGIRTYFVQ	1
GMAALPRLIAFTSEHSHFSL	1
GMYPVEIWHPDPAKN	1
GPAGPAGER	1
GPRLGVRAT	1
GQAEPDRAHYNIVTFCCKCDS	1
GRRDPKCQW	1
GTLTSAINR	1
AGSLQPLALEGSLQKRG	1
GTSGSPIINR	1
GTSGSPIVDR	1
GTSGSPIVNR	1
GVENGVKYWLIANSWNEGWG	1
GVRATRKTSERSQPRGRR	1
GVSGVINAL	1
GVYYTTYAPQATSAH	1
GYASVIAEL	1
GYETVITQL	1
AGTIAGLNVLRIINE	1
GYKDGNEYI	1
HEYNWLRSPFSRYSATCPNVLH	1
HFYQEAAPAQSDVAL	1
HGIRNASFI	1
HGPGPARAPPPPGGPV	1
HHPARTAHYGSLPQKSHGR	1
HIGSQLVLKLLSLQLTQPVRYK	1
HMWNFISGI	1
HNYGVGESFTVQRR	1
AGVQVHDADTIVLRR	1
HNYKYRYL	1
HPGNTILHVDTIYNRPSNTT	1
HPNIEEVAL	1
HPRHYATVM	1
HSFYELYQSLIAMQKRSLKNQ	1
HSKKKCDEL	1
HSWITRSEA	1
HYLFKGFSALENLQVASI	1
IAYYFYNPDAADDWI	1
ICARQDPAGNCS	1
AHHPIWARMDA	1
ICGIVYWMRRHTQKAPKRIRLPHIRED	1
ICKRIPNKK	1
ICPMYARV	1
IDSFYQAFNHPLRPLLLIV	1
IEIGLEGKGFEPTLEALFGK	1
IEMLFYMKNLERKKLQSS	1
IEQIKRYLKASVENLNDNE	1
AIVNYANL	1
IGGRVHFFKDISPIASSE	1
IGMIFQHFNLLSAKNVFENVA	1
IGPGRAFYT	1
IGPGRAFYTI	1
IGRFFGGDRGAPKRGSGKDSHHPARTAHY	1
IGTLKKILDETVKDKLAK	1
IHSLLDEGKQSLTKL	1
AIYFVFLRTSKNLELVES	1
IIFIFRRDLLCPLGAL	1
IISAVVGIL	1
ILDAHSLYL	1
ILDSFEPLR	1
ILIEGIFFA	1
ILIEGIFFV	1
ILIEGVFFA	1
ILKGKFQTA	1
ILRGSVAHK	1
AKDMKIMQNIAQTISLIAGQK	1
IMAKNEVFCV	1
IMVAFKGVWTQAFWK	1
INNTFLHL	1
IQVVLELLKALSFRKIILN	1
IRTGVRTI	1
IRTGVRTITTGGPIT	1
ISEIRDQSSTSSTWAVSSAS	1
ISFSEQQLVDTSGPW	1
ISGIQYLAGLSTLPGNPA	1
AKKLLKLLNGIKSKVN	1
AAFQAAHARFVAAAA	1
ISHNFCNL	1
ISQAVHAAHAEINEAGR	1
ITKKVADLVGF	1
IVKTGERQHGIHIQGSDP	1
IWYINCFGCETHAML	1
IYLFPLISLRLKFGLKAEKS	1
AKRLDACQDQLLE	1
IYNVGQVSI	1
IYSTVASSL	1
KALFLGLKTANILKP	1
KAVYNFAT	1
KAVYNFATA	1
KAVYNFATM	1
KFKGKATLTSDK	1
ALGLLALGSSLAMILGLPLGRI	1
KGAGSSQDACIKFIQYEVDG	1
KGAGSSQDATIKFIQYEVDG	1
KGFNPEVIPMF	1
KGPFYQSFRSKVKKILSTL	1
KGRVGILHGNKTYLLQNN	1
KIDVENLIKNSKALMDLEV	1
KIFKLGGRDSRSGSPMARR	1
KKQSKPVTTPEEIA	1
KKRFMKLNINVSLPQTLSLK	1
ALISAFSGS	1
KLIETYFSK	1
KLPINALSNSLLRHH	1
KLVALGINAV	1
ALRNLRVFL	1
KNIVTPRTPPPSQGKGRGL	1
KNLLQRANELVNPDA	1
KNYIFEEKL	1
KRKLEGDLKLTQESIMDLENDKQQL	1
KSAFVMANNLIEATQ	1
KSDNQIKAVPASQAL	1
KSLTYYKL	1
KSYETEYPK	1
KTNYQAFLNLLEIARSKKAKVI	1
ALSTGLIHL	1
KTSLYNLRRGTALAIPQCRLTPLSRL	1
KTVWFVPSIKA	1
KVHFAGFAAPACESG	1
KVVQYENL	1
KYKNAVTEL	1
KYLTEMSRASDILSH	1
KYVKQNTLKLAT	1
LAIPQCRLTPLSRLPFGMAPGPGPQPG	1
ALWGPDPAAA	1
LENLVVLNAASVAGAHW	1
LGLLKLVAQRRNLLKYI	1
LGNIIQRLHGLSAFSLHSY	1
AMLVLLAEI	1
LGYAYINS	1
LIHLHQNIVDVQYLYGV	1
LIPIMYLNSLRNPILHFM	1
LIYYTDFSNSSIA	1
LKFYSKISEYRHYCY	1
LLDVAPLSL	1
AMVDSAMSRNVSVQDSAGVP	1
LLFGYPVYV	1
LLFNILGGWV	1
LLIEGIFFI	1
LLIIAIYALNSKKLLELN	1
LLLLDVAPL	1
LLLTLLATV	1
LLSPRPISYLK	1
LLTKKQYDKAQASFQ	1
LLWNGPMAV	1
LLYANSAHAL	1
LMAFTAAVTSPLTTS	1
LMWYELSKI	1
LNVLRIINEPTAAAI	1
LPFDKPTIM	1
LPFDKTTIM	1
LPFERATIM	1
ANYKFTLV	1
LPFERATVM	1
LPHNHTDL	1
LPKEYSSEL	1
LPLNVGLPIIGVM	1
LQSLGAEIAVEQAAL	1
LQVLKEVKAAASKVKANL	1
LQWLSFILSLKKRLLPLLLSL	1
LRKDYIKRQGSTPLA	1
LRSLVASSG	1
LRTDLDRFWTRALTGYAQLI	1
LSFLPSDFFPSVRDL	1
LSFPFPG	1
LSRFSWGAEGQRPGFGYGG	1
LTAELKIYSVIQAEINKHL	1
LTMSNVKNVSQTNFKSLLRNLGVS	1
LVLILYLCV	1
APYAGLIMI	1
LWYYIALKKLRKAFPNKYVKM	1
LYLVCGERG	1
MEVGWYRPPFSRVVHLYRNGKD	1
MEVGWYRSPFSRVVHLYR	1
MHVSFVMAYPEMLAA	1
MLDLQPETTDLYCYE	1
MLMIIIVIAI	1
AQGYKVLVLNPSVAATLGFG	1
MLQYAGFLPEIVHSS	1
MLVCGDDLV	1
MLWYTVYNI	1
MMMNWSPTT	1
MPAYIRNTL	1
MPVGGQSSF	1
MQKYMQIVRYLTILITLI	1
MRRGDLPVWL	1
MSQIMYNYPAMMAHA	1
MTEQQWNFAGIEAAASAIQG	1
MTVKVGINGFGRIGR	1
MTVKVGINGFGRIGRLAFRRIQ	1
NAITNAKII	1
NALENFKNVLVIHSLSKRSSAPG	1
NELFKFNRLHTKISILQIIG	1
NEYLLPQTVWARF	1
NFFRMVISNPAAT	1
ARMILMTHF	1
NGSSSMATV	1
NIRQAGVQY	1
NKLERRMENLNKKVDDGF	1
NPKFENIAEGLRALLARSHVERTTDE	1
NRMVNHFIAEFKRKH	1
NSEPVYIQPISTRSL	1
NTGVINILNSASRVAKNG	1
ARMWIQAATTMASYQ	1
NVKFPGGGQIVGGVYVLPRR	1
NYDNAGTNL	1
PAPQAPYQGYQEPPAPQAPY	1
PESRKKLEKALLAWA	1
PESSQRPPL	1
PETLGHEI	1
PGGNNNNKNNNNDDSYIPSAEKILEFVKQI	1
PIVQLQGDSNCLKCFR	1
ARQMVQAMRTIGT	1
PKASATPATDPARGR	1
PLKMLNIPSINVHHY	1
PLRLLENLKALFLGLK	1
PMRARPRGEVRFLHY	1
PPAYRPPNAPILSTL	1
PQTQQPQQPFPQPQ	1
ARTTHYGSLPQKSQRSQ	1
PSQGKGRGLSLSRFSWGAE	1
PVGGVARALAHGVRAL	1
PWRYIRSFPILASSG	1
PYFLGSVI	1
PYHFKYHEKHFANAI	1
QDFLRRVQELRINMQKNFISFDA	1
QEGPEYWEEQTQRAK	1
ASDYKSAHKGFKGVDAQGT	1
QKRAAQAARVEAACG	1
QKRAAQDAAVDAACG	1
QKRMGVQMQRFK	1
QKSQRSQDENPV	1
QLSLLMWIT	1
QLVFNSISARALKAY	1
QLVKDKNIDISIKYDPRKDSE	1
ASMNRPNLVAL	1
QMWKCLIRL	1
QNLYKYIVSLANLMALEK	1
QQDEQQQQDE	1
QRPGFGYGGRASDYKSAHK	1
QTCSPLRVNHAVLAVGYGTQ	1
QTFDFGRL	1
QTGKPGIAGFKGEQGPKGEP	1
ASMSRPVKQLK	1
QTTSPLRVNHAVLAVGYGTQ	1
QYDPVAALF	1
QYIKANSKFIGITE	1
QYPSGEGSFQPSQENPQA	1
QYSDRRWCF	1
RAAAPAWSRRTLLPE	1
RAKFKQLL	1
RALEYKNL	1
ASNENAETM	1
RDYVSELPTEVQKLKEKCDG	1
REKLQLILTLSRNASLYLNGA	1
RFFTLGSITAQPVKI	1
RFLWQLKFECHFFNGTERVR	1
RINLKALQNILNNAKSAHFKFV	1
RKVLENRSLSDEERM	1
RKYDEVARKLAMVEA	1
ASNENMDAM	1
RLDGTTLEV	1
RLIQNSITIERMVLS	1
RLIQNSLTIERMVLS	1
RLPAKAPLL	1
RLWHYPCTV	1
RLYKTLGQL	1
RMPPLGHEL	1
RNFQPMSRQVVDDTKYKDYQQVGILHQHNN	1
RNPILHFMRLKPKGLNNI	1
ASNENMETM	1
RPPIFIRRL	1
RPRDAIRFL	1
RPSGMFDSVVLCECYDA	1
RQIFGDYKTTIC	1
RQSGATIADVLAEKE	1
RQYDPVAALFFFDIDL	1
RRANALLANGVELRDNQLVVPSE	1
RRLVVTLQC	1
ASQKRPSQR	1
RRNLLKYIKAPSLNGASA	1
RRRAEKKAADVA	1
RRYPDAVYL	1
RSRNEALRVKKKMEGDLN	1
RTYIKVLRKLLGSANKI	1
RVDNALLKF	1
SAIENYETF	1
SALLNVDNL	1
ASQKRPSQRSK	1
SAVWNSTTA	1
SCLEFWQRV	1
SDVGEYRAVTELGRPDAEYWN	1
SFERFEIFPKE	1
SFLLDILGATGSDSLTLV	1
SFYRFLFA	1
ATARSEVALLRFVNP	1
SGVLPENVP	1
SIGGVFNSIGKAVHQVF	1
SIGWAYQYALSSDSKNLSDLK	1
SIIGFEKL	1
SIINFEKL	1
SIYRYYGL	1
ATDALMSGF	1
SKIFKLGGRDSRSGSPMARR	1
SKKLLELNRMISHIFFIS	1
SKYALVDASLKMADPNRFRGKDLPVLDQL	1
SLFGQRIEV	1
SLGILGIKNLIAAAVPKLTIE	1
SLLMWITQC	1
SLMSGVEPL	1
SLPGGTAS	1
SLQPLALEGSLQSRG	1
ATDALMTGF	1
SLSVLLLISLKDRFLNNN	1
SMVGNWAKV	1
SNEILRLKGLMNSILAQNSGQSLEQ	1
SPSNHHILL	1
SQDFVLIFSVHGLPKSVIDAG	1
SQIFRRVFSLIPVI	1
SQKDLLEQKRGRVDNYCR	1
SRGLFGAIAGFIEGGWQ	1
ATDALMTGY	1
AAGTYVAADAAAASS	1
SRYWAIRTR	1
SSEWVLENAKNPKAILI	1
SSIEFARL	1
SSKRGRQTPVLYAMLDHSRS	1
SSLENFRAYV	1
SSLTVTQLLR	1
SSPPMFRV	1
SSSGLHPPK	1
SSVWNATTA	1
SSVWNATTAI	1
ATEGQVRVNSIYQDK	1
STVKAGDLEKIISRC	1
STVTGIFL	1
SVGGVFTSV	1
SVIDCNTCV	1
SVPAEILRR	1
SVRTTTDSGKLITD	1
SWVPRLFQL	1
SYFTNMFATWSPSKARLHLQ	1
SYIGSINNI	1
SYIPSAEKI	1
SYLAGAGLLF	1
SYSYNKDNNELSHFA	1
TAGSLQGQW	1
TDFVTMDMTTGDIPTSAATAYPLCAEP	1
TEISFKLGQEF	1
ATEGRVRVNSAYQDK	1
TEWETGQI	1
THEANTMAMMARDTA	1
TIGTLKKILDETVKDKIA	1
TINVYYFNHGNLSFTYRR	1
TKRIKVAASTLRTYI	1
TLDLNTPVDKTSN	1
TLDTKPLSV	1
TLGIVCPI	1
TLIEGLMMAKALSLSLNLP	1
TLLRAVESYLLA	1
TLLTIDGGI	1
TLQPVERVL	1
TLRLCVQSTHVDIRT	1
TLTEAAQLAPPIYPP	1
TLVVNRLRGSLKICAVKAPG	1
TMFEALPHIIDEVIN	1
TNYKFSLV	1
AVLVATNFFGINTIP	1
TPEGIIPAL	1
TPHPARIGL	1
TSAFNKKTFDHTLMS	1
TSAHLERMKKNMEQTIKDL	1
TTCPCGAQI	1
TTFHQTLQDPRVRGL	1
AVVPVLAYAAARLLL	1
TTGHVYLAWQAGMDMCSA	1
TVFDASRSTV	1
TVNLVKRLLQNSVVE	1
TYLALLAAF	1
TYLPTNASL	1
VAATLGFGAYMSKAH	1
VAFLRFLTI	1
VAMIWSVAAVAQTVG	1
VDLLVNLLPAILSPGA	1
AVVVNPSVK	1
VDSITQKKFLCDRTLWRIPFSSNFMSMGAL	1
VEYSFIFLDEY	1
VFLNNYDAENKLNDV	1
VGPSNSPTF	1
VGVGNRDFV	1
VGWYRSPFSR	1
VHFFKNIVTPRTP	1
VITIELSNI	1
VLAELVKQI	1
AVYNFATC	1
VLAWTRAFV	1
VLEETSVML	1
VLHDDLLEA	1
VLLMRTTWA	1
VLQELNVTV	1
VLSEWLPVT	1
VMAPRTLIL	1
VMAPRTVLL	1
AVYNFATCGI	1
VMATRRNVL	1
VMNILLQYV	1
VMTTVLATL	1
VNHRFTLV	1
VNIRNCCYI	1
VNKIKHQEVLKLLSLQFEKS	1
VNYSFLYLF	1
VPPLRVWRHRARSVRAKLLSQGGRA	1
AVYNFATM	1
AAIENYVRF	1
VPPSLRTLEDNEERMSRLSK	1
VPYFVRVQGLLRICALARKAV	1
VSPVYPHGL	1
VTTLGMALY	1
VTTNGPPNGKHNDKHTYVEC	1
VTTNGPPNGKHNDKHTYVET	1
VVDEANIETHG	1
VVTEIPKEEKDPGM	1
AYCLWMMLLISQAEAALELIT	1
VWLSVIWM	1
VYQVNNLEEIC	1
WATESPIYV	1
WLGNIIMYA	1
WMKMNQTLL	1
WMNRLIAFA	1
WRLGAIPPLV	1
WTTCGSIAFPSKTSASIGSL	1
YEGERAMTKDNNLLG	1
YEIVAGYI	1
YEKYEDDYARETPYD	1
YEPRDSYF	1
YERMCNIL	1
YIDAYVSRLL	1
YILEETSVM	1
CGGLKNVREVKGLTKGG	1
YISWCLWW	1
YLFNWAVRT	1
YLYQLSPPITWPL	1
YPFLNLLHTPPHRPP	1
YPHFMPTNL	1
YPPKPCGI	1
YQLLNFLPL	1
YQPLLSNTL	1
YRFLFAFL	1
YRSPFSRVVHLYRNGK	1
CGKYLFNWAVRTKLKLT	1
YRYNYAFDL	1
YSQVNPITL	1
YSQVNPTTL	1
YSVENVGLL	1
YTVKYPNL	1
YVGDLCGSV	1
CINGVCWTV	1
CLEWINKQTSLLRKNI	1
CLGGLLTMV	1
CNTNWLPPCPIIHNL	1
CSANNSHHYI	1
CTELKLNDY	1
AAIFLYNLSVKSGYFL	1
CTELKLSDY	1
CVETMCNEY	1
CYAVYSPRVATTVEA	1
DADLIEAN	1
DADLIEANL	1
DAENPGGEVFNDNKKGLSRV	1
DAPIYTNV	1
DAYYNYLNNLVLASYNR	1
DEEDAIAAY	1
AAILRRHIDLLVGSATLCSALY	1
DEEIIRMMQILIRKTK	1
DEGGYTCFFRDHSYQ	1
DEREVSV	1
DFIWTGNPRTAPRSL	1
DGDFAIVKFTKVLLDYTGHI	1
DGGDGNKTL	1
DGWFNFVSTNFSNSLLIKNP	1
DKLKQQRDTLSTQKET	1
DLIEANLLW	1
AAQYVAAHPGEVCPA	1
FLPIITNLLGKLL	0
FLSLIPHIVSGVAALAKHL	0
FLPIVGRLISGLL	0
ALWKTLLKNVGKAAGKAALNAVTDMVNQ	0
GLLSVLGSVVKHVIPHVVPVIAEHL	0
FLPIIAKVLSGLL	0
SIGAKILGGVKTFFKGALKELASTYLQ	0
FFHHIFRAIVHVAKTIHRLVTG	0
GIGKFLKKAKKFAKAFVKMNN	0
FAKALAKLAKKLL	0
FFHHIFRGIVHVGKTIHKLVTG	0
GFGSLLGKALKIGTNLL	0
GLFDIIKKIAESI	0
MSDFVNAISEAVKAGLSADWVTMGTSIADALAKGADFILGFFN	0
GFVDFLKKVAGTIANVVT	0
FFPLVLGALGSILPKIF	0
ILGKLLKTAAKLLSNL	0
IFGAIWKGISSLL	0
GFLDIIKDTGKEFAVKILNNLKCKLAGGCPP	0
GFIFHIIKGLFHAGKMIHGLV	0
FRGLAKLLKIGLKSFARVLKKVLPKAAKAGKALAKSMADENAIRQQNQ	0
FMGGLIKAATKIVPAAYCAITKKC	0
ALWDTLLKKVLKAAAKAALDAVLVGANA	0
FFSLLPSLIGGLVSAIK	0
GLLGPLLKIAAKVGKKLL	0
GLLSKFGRLARKLARVIPKV	0
ALWMTLLKKVLKAAAKAALN	0
KWKSFIKKLTSAAKKVVTTAKPLISS	0
GWTLNSAGYLLGKLKALAALAKKIL	0
GLMDVFKGAAKNLLASALDKIRCKVTKC	0
FKIKASKVLDKFGKIVGKVLKQLKKVSAVAKV	0
GFFDLAKKVVGGIRNALGI	0
FKIKPGKVLDKFGKIVGKVLKQLKKVSAVAKV	0
GLLGPLLKIAAKVGSKLL	0
ASIIKTTIKVSKAVCKTLTCICTGSCSNCK	0
FWGALAKGALKLIGVGSLFSSFSKKD	0
FDIVKKIAGHIAGSI	0
KWKSFLKTFKSAKKTVLHTALKAISS	0
GFGSLLGKALRLGANVL	0
GIGKFLHSAGKFGKAFIGEIMKS	0
GFFALIPKIISSPLFKTLLSAV	0
GGLRSLGRKILRAWKKYGPIIVPIIRI	0
ILGKLLSTAAGLLSKL	0
GLWSKIKEVGKEAAKAAAKAAGKAALGAVSEAV	0
KILRGVAKKIMRTFLRRISKDILTGKK	0
GILSSFKGVAKGVAKDLAGKLLETLKCKITGC	0
ALWKNMLKGIGKLAGQAALGAVKTLVGA	0
KIAKVALAKLGIGAVLKVLTTGL	0
FIFHIIKGLFHAGKMIHGLVTRRRH	0
RGLRRLGRKIAHGVKKYGPTVLRIIRIA	0
KILRGVSKKIMRTFLRRISKDILTGKK	0
NFLGTLVNLAKKIL	0
VFQFLGRIIHHVGNFVHGFSHVF	0
FFPIIAGMAAKLIPSLFCKITKKC	0
GLFKVLGSVAKHLLPHVVPVIAEK	0
FLPVILPVIGKLLSGIL	0
RWKIFKKIEKMGRNIRDGIVKAGPAIEVLGSAKAIGK	0
GLFDIIKKIAESF	0
AMWKDVLKKIGTVALHAGKAALGAVADTISQ	0
GLLSVLGSVAQHVLPHVVPVIAEHL	0
GFGALFKFLAKKVAKTVAKQAAKQGAKYVVNKQME	0
GIIDIAKKLFESW	0
GVLGTVKNLLIGAGKSAAQSVLKTLSCKLSNDC	0
GLFAVIKKVAKVIKKL	0
FLSLIPHAINAVSAIAKHF	0
KALKLKLALALLAKLKLA	0
FLGAIAAALPHVINAVTNAL	0
FLPILASLAAKFGPKLFCLVTKKC	0
GFWTTAAEGLKKFAKAGLASILNPK	0
GIGKFLHAAKKFAKAFVAEIMNS	0
FLPLVGKILSGLI	0
GLLSVLKGVLKTAGKHIFKNVGGSLLDQAKCKISGEC	0
GLFDIVKKVVGAFGSL	0
HALWKNMLKGIGKLAGKAALGAVKKLVGAES	0
KLKNFAKGVAQSLLNKASCKLSGQC	0
ILPILSLIGGLLGK	0
DVIKKVASVIGGL	0
TLLKKVLKAAAKAALNAVLVGANA	0
SGSWLRDVWDWICTVLTDFKTWLQSKL	0
GIMRVFKGVLKTAGKSVAKNVAGSFLDRLKCKISGGC	0
GIGKFLHSAKKFGKAFVGEIMNS	0
GFFKKAWRKVKHAGRRVLDTAKGVGRHYVNNWLNRYR	0
SWLRDIWDWLCELLSDFK	0
FLGLLFHGVHHVGKWIHGLIHGHH	0
FMGSALRIAAKVLPAALCQIFKKC	0
FAKLLAKALKKLL	0
GLGSLLGKAFKFGLKTVGKMMGGAPREQ	0
GFKDLLKKAAKALVKTVLF	0
KILRGVAKKIMRTFLRRISKKILTGKK	0
FLPIIAGVAAKVLPKIFCAISKKC	0
KILRGVAKKIMRTFLRRILTGKK	0
MAQDIISTIGDLVKWIIDTVNKFPKK	0
KWKSFLKTFKSLKKTVLHTALKLISS	0
GIFSKINKKKAKTGLFNIIKTVGKEAGMDVIRAGIDTISCKIKGEC	0
ALWFTMLKKLGTMALHAGKAALGAAANTISQGTQ	0
GLFGAIAGFIEGG	0
ILGKLLSTAWGLLSNL	0
GFFALIPKIISSPLFKTLLSAVGSALSSSGGQE	0
GFKDWIKGAAKKLIKTVASSIANQ	0
FLSIIAKVLGSLF	0
GLFDIVKKVVGALGSL	0
LLGDFFRKSKEKIGKEFKRIVQRIKDFLRNLVPRTES	0
GLMSLFRGVLKTAGKHIFKNVGGSLLDQAKCKITGEC	0
VAKLLAKALKKLL	0
KWKKLLKKLLPLLKKLLKKLK	0
FLSLLPSIVSGAVSLAKKL	0
SWLRDIWDWVCEVLSDFK	0
FGKGIGKVGKKLL	0
GKVWDWIKSTAKKLWNSEPVKELKNTALNAAKNLVAEKIGATPS	0
SWLRDIWDWIEEVLSDFK	0
GFFALIPKIISSPLFKTLLSAVGSALSSSGEQE	0
GLFDIVKKIAGHIA	0
IFGAILPLALGALKNLIK	0
GLFGVLGSIAKHVLPHVVPVIAEK	0
GFKGAFKNVMFGIAKSAGKSALNALACKIDKSC	0
GFMKYIGPLIPHAVKAIKKLI	0
ILGKLLSTAAGLLSNL	0
GFKDLLKGAAKALVKTVLF	0
GIGAILKVLATGLPTLISWIKNKRKQ	0
KWKLFKKIGIGAVLKVLTTG	0
GLLRKGGEKIGEKLKKIGQKIKNFFQKLVPQPEQ	0
AKIPIKAIKTVGKAVGKGLRAINIASTANDVFNFLKPKKRKA	0
FDLLGLVKSVVSAL	0
GLLSGVLGVGKKVLCGLSGLC	0
GWTLNPAGYLLGKINLKALAALAKKIL	0
FAFGKGIGKIGKKGL	0
FAPLIGRVLSGIL	0
KWKLFKKIGIGAFLHLAKKF	0
FLGMIPGLIGGLISAFK	0
FLSHIAGFLSNLF	0
FLPIVAKLLSGLL	0
FLPLIAGLIGKLF	0
ILGPVISTIGGVLGGLLKNL	0
KWKIFKKIEKVGRNIRNGIIKAGPAVAVLGEAKAL	0
RRRQRRKRGGDIMGEWGNEIFGAIAGFLG	0
ALWMTLLKKVLKAAAKAALNAVLVGANA	0
GLFDIVKKVVGAIGSL	0
FLPFLAKILTGVL	0
FFGHLFKLATKIIPSLFQ	0
GILDTIKNAAKTVAVGLLEKIKCKMTGC	0
GLFDIVKKIAGHIASSI	0
FLPLIAGLAANFLPKIFCAITKKC	0
GWGSFFKKAAHVAKHVAKAALTHYL	0
KWKSFLKTFKSLKKTVLHTALKAISS	0
KWKLFKKIEKVGQNIRDGIIKAGPAVAVVGQATQIAK	0
FLPAIAGILSQLF	0
GIGAVLKVLSTGLPALISWIKRKRQQ	0
ILPILSLIGGLL	0
FLPIIGKLLSGLL	0
FLGSLIGAAIPAIKQLLGLKK	0
ILGKLLKTAAGLLSNL	0
FLPIVGKLLSGLL	0
FLPMLAGLAASMVPKFVCLITKKC	0
KFDSLVECIWDWIDRLWS	0
VNFKKLLGKLLKVVK	0
KKKKKKALFALWLAFAA	0
LLKKLLKWLKK	0
FKRLEKLFKKIWNWK	0
QGGKGPLLSILKAFN	0
FISAIASFLGKFL	0
DLRGVPNPWGWIFGR	0
RRKKAAVALLKAVLLALKAP	0
GALCILLLMITLLLIALWNL	0
FLGALFHALSKLL	0
KRAKKFFKKLK	0
GIIKKIIKKI	0
FAKLWAKLAKKL	0
FLKLLKKLAAKLF	0
LLQWLSKLLGRWL	0
LNLKGIFKKVASLLT	0
FAKLLAKLAKKL	0
KKLFKKILKKL	0
YKLFKKILKKL	0
LLGGILGIGLGVLLLILCLP	0
MIIFAIAASHKK	0
LLIILRRRIRKQAHAASK	0
PAWRKAFRWAARMLKKAA	0
FALAKLAKKAKAKLKKALKAL	0
KWKLFKKIGIGKFKLAKKF	0
SWLRDVWDWVCTILTDFK	0
KLFMALVAFLRFLT	0
LNWGAILKHIIK	0
FLPILINLIHKGLL	0
RRKKAAVALLPAVLAALLAP	0
LIIFAILISHKK	0
FAKLLAKALKKFL	0
LLIILARRIRKQAHAHSK	0
LASLIYRRRLMKQDF	0
KILRGVCKKIMRTFLRRISKDILTGKK	0
GKWSKILGKLIR	0
KWKSFLKTFKSAKKKVLHKALKAISS	0
GLFDKLKSLVSDF	0
VQRIKDFLRNLVPRT	0
FAKLLAKALKKAL	0
FALALKALKKAL	0
FAKLAKKLL	0
GLKKLARLFHKLLKLGC	0
KNLRRIIRKIIHIIKKYG	0
FLPIASLLGKYL	0
LLPALISWIKRKRQQ	0
KNWKKIAGMAKKLLKKNWKLM	0
LMMLILAMNRKDKKKEKK	0
GFGMALKLLKKVL	0
FKRLKKLFKKIWNWK	0
LSSSLGLALLLLLLALLFWL	0
KILRGVSKKIMRTFLRRILTGKK	0
FKRIVQRIKDFLRNLV	0
PRIVLDVASSVF	0
FKRIVQRIKDFLR	0
FIFHIIKGLFHAGKMI	0
FLPLILRKIVTAL	0
MWKWFHNVLSSGQLLADKWWAWWYNWW	0
GIKEWKRIVQRIKDFLRNLV	0
FAKLFAKAFKKAL	0
LLIILRRAIRKQAHAHSK	0
FALKALKK	0
QQNWWTLLVDLLWLLLFLAI	0
EKGKKIFIMK	0
GWFDVVKHIAKRF	0
EGPTLGNWAREIWATLFGKA	0
LKTLATALTKLAKTLTTL	0
KNWKKILKKIIKVVK	0
KKLLKWLKKLL	0
GALFLAFLAAALSLMGLWSQPKKKRRV	0
KFKKLAKKW	0
RRKKAVALLPAVLLALLAP	0
FDIVKKIAGHIVSSI	0
GMWKKILGKLIR	0
KWKLFKKIPLHLAKKF	0
TEELRVRLASHLRKLRKRLLRDA	0
KKLFKKILKYL	0
PKKKRKVALWKTLLKKVLKA	0
KWKLFKKIPKFLHLAKKF	0
IFSILVLASTITILK	0
FKDLKKIANIINSIFKK	0
FVRWFSKFLGRIL	0
FLKWLFKWAKK	0
KWKLFKKIGIGKFLHSAKKF	0
GLRKRLRKFRNKIKEK	0
WFKKIPKFLHLAKKF	0
LQSKLDAKKAKLSKL	0
KWKLFKKILKFLHLAKKF	0
CKLLLKWLLKLLKC	0
FLGWLFKWAWK	0
KKKKKKALFAAWAAFLA	0
FAKLLAKLAKKAA	0
LLIILRRRIRKQAHAHSK	0
KKLLKWLLKLL	0
GFGMALRLLRRVL	0
GIGKFLHSAKKFAKAFVAEIMNS	0
VAKKLAKLAKKLLAL	0
KLLLKLKLKLLK	0
LRRTGRIFGGLIRDI	0
ALIILRRRIRKQAHAHSK	0
LLIILRRRIRKQAAAHSK	0
FLKWLFKWLKK	0
KWKLFKKIPKFLHLAKK	0
FAKKLAKLAKKLLAL	0
LLIILRRRIRKQAHAHSA	0
FMPIIGRLMSGSL	0
ISVLKSRLLKRKKYI	0
LKLFKKILKFL	0
RRKKAAVALLKAVLLALAAP	0
GWTLNSAGYLLGKINLKAPAALAKKIL	0
LLGDFFRKSKEK	0
KRAKKFFKKPK	0
IGKEFKRIVQRIKDFLRNLVPRTES	0
FLFPLITSFLSKVL	0
AAVALLPAVLLALLAPRKKRRQRRRPPQ	0
GMWSKILGKLIR	0
FAKLLAKLAKK	0
LLRHVVKILSKYL	0
GLLALISWIKRKRQQ	0
KALKKLLAKWLAAAKALL	0
RRKKAAVALAPAVLLALLAP	0
GLFDIIKKIAESW	0
RRKKAAVALLPAVLEALLAP	0
GKWKSLLKHILK	0
FLPLLLSALPSFLCLVFKKC	0
KKLFKKILKWL	0
AKKVFKRLEKLFSKIQNDK	0
KWKLFKKIGIGKFLHFAKKF	0
FALALKLAKKL	0
SINSQIGKATSSISKCVFSFFKKC	0
FLSLALAALPKFLCLVFKKC	0
EMRISRIILDFLFLRKK	0
WKLFKKIPKFLHLAKKF	0
RLWRALPRVLRRLLRP	0
KLALKAAAKAWKAAAKAA	0
KWKLFKKIGIGAFLHSAKKF	0
FLPLVTMLLGKLF	0
SKNSQIGKSTSSISKCVFSFFKKC	0
KNWKGIAGMAKKLLGKNWKLMKK	0
INGRWIILLSKFLK	0
NKLLIAFGLVILLVTLPCAS	0
KWKLFKKIPKFLHSAKKF	0
LDWLNRIETYVKWPWYVWLL	0
GKWMTLLKHILK	0
FAKKALKALKKL	0
FLWWLFKWAWK	0
IQLFDRILLLFKPPK	0
KAKLFKKIPKFLHLWKKF	0
VRKVFLRLLPQLLRMHVRPL	0
AGYLLGKINLKALAALAKKIL	0
KWKLFKKIGKVLKVL	0
RRKKLLPAVLLALLAP	0
RRKKAVLLALLAP	0
FAKLLAKALKKFAL	0
RKKLAVLLALLA	0
KWKKLLKKLLKLL	0
INLKALAALAKKIL	0
ASMWERVKSIIKSSLAAASNI	0
FAKLLAKLAKKSL	0
FAKKLKKLAKKL	0
FLPFLLSALPKVFCFFSKKC	0
KWKLFKKIPKFLH	0
GKWMSLLKKILK	0
LKLFKKILKYL	0
FKVKFKVKVK	0
LNWGAWLKHWWK	0
RRKKAAVALLPAVLLAKLAP	0
KWLCRIWSWISDVLDDFE	0
RQARRNRRRALWKTLLKKVLKA	0
GWTLNSAGYLLGKFLPLILRKIVTAL	0
FLPLLASLFSRLL	0
KKLLKKLLKWL	0
FIGAIARLLSKIF	0
MKLFPLVALLVLVVG	0
FASLLGKALKALAKQ	0
LLIILRRRIRKQAHAHAK	0
AALYKKKIIKKLLES	0
FAKKLAKALL	0
ALYKKFKKKLLKSLKRL	0
GIPCGESCVFIPCLTTVAGCSCKNKVCYRN	0
CGESCVWIPCISSAIGCSCKSKVCYRNGIP	0
GIPCAESCVWIPCTVTALVGCSCSDKVCYN	0
GLPTCGETCTLGTCYVPDCSCSWPICMKN	0
DHYICAKKGGTCNFSPCPLFNRIEGTCYSGKAKCCIR	0
CGESCVWIPCISSAVGCSCKNKVCYKNGTP	0
RRCICTTRTCRFPYRRLGTCIFQNRVYTFCC	0
ACYCRRRFCVCVGR	0
GSLCGDTCFVLGCNDSSCSCNYPICVKD	0
ATCDLLSKWNWNHTACAGHCIAKGFKGGYCNDKAVCVCRN	0
CYCRIPACIAGERRYGTCIYQGRLWAFCC	0
AACSDRAHGHICESFKSFCKDSGRNGVKLRANCKKTCGLC	0
GTFPCGESCVFIPCLTSAIGCSCKSKVCYKN	0
GVPCGESCVFIPCITGVIGCSCSSNVCYLN	0
GSIPCGESCVFIPCISAIIGCSCSSKVCYKN	0
CGESCVWIPCLTSAIGCSCKSKVCYRNGIP	0
RGGRLCYCRGWICFCVGR	0
KSCCKNTTGRNIYNTCRFAGGSRERCAKLSGCKIISASTCPSDYPK	0
GEYCGESCYLIPCFTPGCYCVSRQCVNKN	0
SQWGWCGSTDEYCSPDHNCQ	0
GFGCPGNQLKCNNHCKSISCRAGYCDAATLWLRCTCTDCNGKK	0
SAISCGETCFKFKCYTPRCSCSYPVCK	0
GIPCAESCVWIPCTVTALIGCGCSNKVCYN	0
ACNFQSCWATCQAQHSIYFRRAFCDRSQCKCVFVRG	0
GLPVCGETCVGGTCNTPGCKCSWPVCTRN	0
CGESCVFIPCVTALLGCSCKSKVCYKNSIP	0
ACYCRIPACIAGERRYGTCIYQGRLWAFCC	0
AGCIKNGGRCNASAGPPYCCSSYCFQIAGQSYGVCKNR	0
DPQTDCQQCQRRCRQQESGPRQQQYCQRRCKEICEEEEEYN	0
GLPVCGETCFGGTCNTPGCSCETWPVCSRN	0
YERDPRQQYEQCQRRCESEATEEREQEQCEQRCEREYKEQQRQQEEE	0
CGESCVWIPCISAAIGCSCKNKVCYRAIP	0
ASIVKTTIKASKKLCRGFTLTCGCHFTGKK	0
GASCGETCFTGICFTAGCSCNPWPTCTRN	0
RGGRLCYCRRRFCVCF	0
GFGCPNNYQCHRHCKSIPGRCGGYCGGWHRLPCTCYRCG	0
ICYCRRRFCVCVGR	0
GIGDPVTCLKSGAICHPVFCPRRYKQIGTCGLPGTK	0
RGGRLCYCRRRFCVCY	0
KWCFRVCYRGICYRRC	0
GLPVCGETCAGGTCNTPGCSCSWPICTRN	0
GSIPCEGSCVFIPCISAIIGCSCSNKVCYKN	0
KIPCGESCVWIPCLTSVFNCKCENKVCYHD	0
GLPTCGETCFGGTCNTPGCTCDPWPVCTHN	0
KSCCKNTTGRNIYNTCRFAGGSRERCAKLSGCKIISASTCPSYPDK	0
AKCIKNGKGCREDQGPPFCCSGFCYRQVGWARGYCKNR	0
QCRRLCYKQRCVTYCRGR	0
KSCCPNTTGRNIYNTCRLGGGSRERCASLSGCKIISASTCPSDYPK	0
TFCGETCRVIPVCTYSAALGCTCDDRSDGLCKRNGDP	0
GFGCPWNRYQCHSHCRSIGRLGGYCAGSLRLTCTCYRS	0
ATCDLLSGFGVGDSACAAHCIARRNRGGYCNAKKVCVCRN	0
GLPVCGETCVGGTCNTPGCNCSWPVCTRK	0
GIPCGESCVFIPCITAAIGCSCKSKVCYRN	0
EQCGRQAGGKLCPNNLCCSQWGWCGSTDEYCSPDHNCQSNCKD	0
VCGETCVGGTCNTPGCTCSWPVCTRDGLP	0
RGGRLCYCRRRFCICV	0
CESCVWIPCISSVVGCSCKSKVCYKNGTLP	0
GVPVCGETCFGGTCNTPGCSCDPWPVCSRN	0
CGESCVFIPCITSLAGCSCKNKVCYYDGGSVP	0
RRWCFRVCYKGFCRYKCR	0
ACYCRIPACLAGERRYGTCFYRRRVWAFCC	0
KCTEEDSGSNGKKITCECTK	0
ACYCRIPACFAGERRYGTCFYLGRVWAFCC	0
GIPCAESCVWIPPCTITALMGCSCKNNVCYNN	0
DQYKCLQHGGFCLRSSCPSNTKLQGTCKPDKPNCCKS	0
SGKSFKAGVCPPKKSAQCLRYKKPECQSDWQCPGKKRCCPDTCGIKCLDPVDTPNPTRRKPGKCPVTYGQCLMLNPPNFCEMDGQCKRDLKCCMGMCGKSCVSPVKA	0
CSTNTFSLSDYWGNNGAWCTLTHECMAWCK	0
RGGRLCYCRRRFCVCT	0
KIPCGESCVWIPCVTSIFNCKCENKVCYHD	0
KSCCRNTWARNCYNVCRLPGTISREICAKKCDCKIISGTTCPSDYPK	0
CGESCAMISFCFTEVIGCSCKNKVCYLNSIS	0
GIVEQCCTSICSLYQ	0
GFGCPNDYPCHRHCKSIPGRAGGYCGGAHRLRCTCYR	0
GLPVCGETCVGGTCNTPGCTCSWPVCTRK	0
CGESCVWIPCTITALAGCKCKSKVCYNSIP	0
GTPCGESCVYIPCISGVIGCSCTDKVCYLN	0
CGESCVFIPCISTLLGCSCKNKVCYRNGVIP	0
DSHEERRQGRHGHHEYGRKFHEKHHSHRGY	0
RRWWRRWRR	0
WRWRWRWRWRWRWR	0
RRRRRRRRGC	0
WWRRRRRRRR	0
RRWRKRWRKWRWRKRWRK	0
KRWRKRWRKWRWRKRWRK	0
DRDRDRDRDR	0
FFRRFFRRFFRRFFRR	0
FFFFGRRRRRRRRGC	0
KKWKMRRGAGRRRRRRRRR	0
RRRRRRRRRR	0
RWRKRWRKWRWRKRWRK	0
WRWRKRWRKWRWRKRWRK	0
RWRKRWRWRKRWRWRKRW	0
KRWRKRWRKKRWRKRWRK	0
HHHHHHHHHHHHHHHHRRRRRRRRRRRRRRR	0
RRRRRR	0
RRRRRRRRRRR	0
RRRRRRRRRRRR	0
WEAKLAKALAKALAKHLAKALAKALKACEA	0
RRRPRPPYLPRPRPPPFFPPRLPPRIPPGFPPRFPPRFP	0
KAAKKAWKAAKKAWKAAKKAA	0
TKPPRKRPPKTKKRPPKTTKPPRGZOG	0
KWKKLLKKLLKLLKKLLKKLK	0
GIIKKIIIKKIIIKKIIIKKI	0
KALAKALAKLWKALAKAA	0
GLWRALWRALWRSLWKLKRKV	0
GICRCICGRRICRCICGR	0
RLYRKVYGRLYRKVYGRLYRKVYGRLYRKVYGRLYRKVYGRLYRKVYGRLYRKVYGRLYRKVYGKKKKKKK	0
KLLKKLLKLWKKLLKKLK	0
KWKKLLKKLLKLLKKLLK	0
GICRCICGRGICRCICGR	0
FAKKLAKKLAKAL	0
GLWRALWRALWRSLWKSKRKV	0
FAKKLAKLAKKLAKAL	0
KVKVKVKVPPTKVKVKVK	0
VRLPPPVRLPPPVRPPP	0
LEAIPCSIPPEFLFGKPFVFLEAIPCSIPPEFLFGKPFVF	0
KAAKKWAKAAKKWAKAWKKAA	0
RGGKIAGKIAKIAGKIAKIAGKIA	0
GIIKKIIIKKIIIKKI	0
CKKKKKKKKK	0
FAKKLAKLAKKLAKLAL	0
KLLLKLLKLLLKLLLKLLK	0
APPGARPPPGPPPPGPPPPGP	0
GFCRCICTRGFCRCICTR	0
LLKWLLKWLKK	0
KAAKKAAKAAKKAAKAAKKAA	0
LLKLLKKLLKLLKKLLKLL	0
WMEWDREIEEAAKKLEEAAKKLEEAAKKLWASLWNWF	0
WRFKWRFK	0
KLKLLKLLKLLKLLK	0
VAKKLAKLAKKLAKLAL	0
LRKRKRLRKLRKRKRLRK	0
GICRCICGKGICRCICGR	0
VRLPPPVRLPPPVRLPPP	0
HHPHGHHPHGHHPHG	0
RLRLRLRLRLRLRLRLKNNKNNKNNKNNKKKKKKKGYK	0
LALALALALALALALAKLAKLAKLAKLAKLAKKIK	0
GYGYGYGYGYGYGYGYKKRKKRKKRKKRKQQKQQKRRK	0
VAKKFAKKFKKFAKKFAKFAFAF	0
LKWLLKWLL	0
RLLRLLRLL	0
AWKKWAKAWKWAKAKWWAKAA	0
LLKTTELLKTTELLKTTE	0
LLKLLKWLLKLLK	0
LKLLLLKLLKLKLWK	0
LKKLLKLLKKLLKLAG	0
CWKKKKKKKKKKKKK	0
LALALALALALALALAKIKKIKKIKKIKKLAKLAKKIK	0
FAKKLAKKLKKLAKKLAKLALALKALALKAL	0
KWKKLLKKLLKLPKKLLKKLKKLLK	0
VRPPPVRLPPPKRLPPP	0
LSSTCILVLVKDILVLVVKEILVLVVKDKPI	0
RRRRRRAAFAAWAAFAA	0
YGRKKRRQRRRGEPHRFRREW	0
NRRMKWKK	0
YGRKKRRQRRGVPRGLYDGVCEV	0
ILPWKWPYLPWRR	0
YKQCHKKGGKKGSG	0
ILPWKWPLLPWRR	0
GRKKRRQRRRRPKRPTTLNLF	0
GRRRRKRLSHRT	0
KRIPNKKPKK	0
DRRRRGSRPSGAERRRRRAAAA	0
GRKKRRQRRRPPQ	0
KCPSRRPKR	0
FCYCRRRFCVCVGR	0
GVCRCICGRGVCRCICRR	0
SRRHHCRSKAKRARHH	0
RQLRIAGRRLRGRSR	0
YAGFLRNHSSCHRGGRLSYSRRRFSTSTGR	0
GKRKKKGKGLGKKRDPCLRKYK	0
ACSGSGSGCGSGSGSCG	0
GRQLRIAGRRLRGRSR	0
RFLVCWKQKIWGKARPSMCTRRARF	0
PKKKRKV	0
SRRAHCRSKAKRSRHH	0
ILPWKKPKLPWRR	0
GLFEAIEGFIENGWEGMIDGWYGGGGRRRRRRRRRK	0
ACSHSGHGCGHGSHSCGRRRRRRRR	0
WPAPQGSRSLTPCTCGSS	0
ACRGRRRGCGRRRGRCG	0
ACGRGRGRCRGRGRGCG	0
GKPRPYSPRPTSHPRPIRV	0
ILPWKWKFFPWRR	0
SVSGGGHHHHHHGGG	0
SRRHHCRSAAKRSRHH	0
GRKKRRQRRRCRRGGSLKAAPGAGTRR	0
GRKKRRQRRRGGWMWVTNLRTD	0
RKRIRLVTKKKR	0
RRPAAAGKRRREKQRPSDKPRR	0
FFGRRRRRRRGC	0
ACRGRGRRCGSGSRSCG	0
KWSFRVSYRGISYRRSRGK	0
KKWKMRRNQFWIKIQR	0
RPARPAR	0
KVAKQEKKKKKTGRAKRR	0
RRRQRRKKRGYAGQWGESV	0
ACRGRGRGCGRGRGRCG	0
RWCVYAYVRVAGVLVRYRRCW	0
CLAGRLDKQCTCRRSQPSRRSGHEVGRPSPHCGPSRQCGCHMD	0
KKKKKEGKKQ	0
CRFCCRCCPRMRGCGLCCRF	0
DQSRPVQPFLNLTTPRKPRPPRRRQRRKKR	0
YGRKKRRQRRRKLSSIESDV	0
RGGRLSYSRRRFSTSTGR	0
ILRWPWWPWRRK	0
RRWWRRFRR	0
RKKRRQRRRPPQCAAVALLPAVLLALLAP	0
RKRIRLVTKKKRR	0
ILPKKWPKLPWRR	0
RTRKGRK	0
SRRHHCRSKAKASRHH	0
RWCVYAYVRVRGVLVRYRRCW	0
PQITLRKKRRQRRRPPQVSFNFCTLNF	0
GKHRHERGHHRDRRER	0
SVSNAATRVCRTGRSRWRDVCRNFMR	0
LCYCRRRFCVCV	0
RGGRLCYCRRRFCVCV	0
YGRKKRRQRRRMKSNGSFPVNRRRMD	0
TNHRPPMWSPVWP	0
KWLRRVWRWWR	0
RRIPNRRPRR	0
GRKKRRQRRRPPQC	0
CGRLLLRRQRRRAHQN	0
RRLSYSRRRF	0
RAPRKTSERSQPRGRRQPIPKARR	0
KRIPNKKPGKK	0
SRRHHARSKAKRSRHH	0
YGRKKRRQRRRGEPHKFKREW	0
GRGDSPRRSPRR	0
GICRCICGRGICRCYCGR	0
ILPLKWPWWPWRR	0
CGNKRTRGC	0
VRRFPWWWPFLRR	0
ACSDRFRNCPADEALCGRRRRRRRR	0
DSHAKRHHGYKRKFHEKHHSHRGYRSNYLYDN	0
RRGRRG	0
KSHAHAQKRIRRRLIILL	0
WRFKKSKRKV	0
GRKKRRQRRRG	0
