GIFGKILGVGKKVLCGLSGVC	1
KWKSFLKTFKSLKKTVLHTLLKLISS	1
KFFKFFKFF	1
LLKKLLKKLLKKLLKK	1
CAESCVWIPCTVTALLGCSCSNNVCYNGIP	1
GIGKFLKKAKKFGKAFVKMKK	1
GIGAVLKVLALISWIKRKR	1
ALWKTMLKKLGTMALHAGKAALGAAADTISQGTQ	1
NFLGTLVNLAKKIL	1
GFGALFKFLAKKVAKTVAKQAAKQGAKYVVNKQME	1
SWLRDLWDWLCEVLSDFK	1
KWKSFLKTFKSAKKKVLHTALKAISS	1
KKKLLLLLLLLLKKK	1
GVPCGESCVFIPCITGVIGCSCSSNVCYLN	1
GLMDVFKGAAKNLLASALDKIRCKVTKC	1
GLFGKLIKKFLRKAISYAVKKARGKH	1
ILGKLLSTAAGLLSNL	1
RRWCFRVCYRGRFCYRKCR	1
KIKLFKKWPKFLHLAKKF	1
KKKKKKALFALWLAFLA	1
KWKSFLKTFKSAKKTVLHTLLKAISS	1
FCYCRRRFCVCVGR	1
GIMSLFKGVLKTAGKHVAGSLVDQLKCKITGGC	1
KWLKKLLKKLL	1
GLLDTFKNLALNAAKSAGVSVLNSLSCKLSKTC	1
INLKALAALAKKIL	1
SAPRGCWTKSYPPKPCK	1
KKKKKKAAFALWLAFLA	1
ILPILSLIGGLL	1
KWKLFKKILKFLHLAKKF	1
GIGKFLHSAGKFGKAFIGEIMKS	1
DAACAAHCLWR	1
GFLGPLLKLGLKGAAKLLPQLLPSRQQ	1
RGLRRLGRKIAHGVKKYGPTVLRIIRIA	1
FLPLIGAVLSGIL	1
GFKDLLKGAAKALVKAVLF	1
GFLGPLLKLAAKGVAKVIPHLIPSRQQ	1
FIGAIARLLSKIF	1
GLMSVLKGVLKTAGKHIFKNVGGSLLDQAKCKISGQC	1
AWKVFKRLGIGAVLWVLTWG	1
YCYCRRRFCVCVGR	1
FWGALAKGALKLIGVSLFSSFSKKD	1
RLYRKVYGRLYRKVYGRLYRKVYGRLYRKVYGRLYRKVYGRLYRKVYGRLYRKVYGRLYRKVYGKKKKKKK	1
RGGGLCYCRRRFCVCVGR	1
ICGETCVGGTCNTPGCSCSWPVCTRNGLP	1
RRWPLLPWKWPLI	1
VCGETCEGGTCNTPGCSCSWPVCTRNGLP	1
CGESCVWIPCISSAVGCSCKNKVCYKNGTP	1
GLLGPLLKIAAKVGKKLL	1
GLLGKLLKIAAKVGKKLL	1
MSGIVEAISNAVKSGLDHDWVNMGTSIADVVAKGADFIAGFFS	1
KILRGVSKKIMRTFLRRISKDILTGKK	1
GFFALIAQIISSPLFQTL	1
RRWCFRVCYKGFCRYKCR	1
KRFKKFFKKPK	1
CGETCVGGTCNTPGCTCSWPVCTRNGLPV	1
KWKKLLKKLLPLLKKLLKKLK	1
VCGETCFGGTCNTPGCSCTWPICTRDGLP	1
SWLRDIWDWLCELLSDFK	1
ILGKLLSTAAKLLSNL	1
GLFTLIKGAAKLIGKTVAKEAGKTGLELMACKITNQC	1
RWCVYAYVRVRGVLVRYRRCW	1
GLLSGTSVRGSI	1
LKWLKKLLKKL	1
KRAKKFFKKLK	1
KKAAAAFAAFAAWFAAFAAAAKKKK	1
LKWLLKWLL	1
LLQWLSKLLGRWL	1
GLLALISWIKRKRQQ	1
CGESCVFIPCITSLAGCSCKNKVCYYDGGSVP	1
SAISCGETCFKFKCYTPRCSCSYPVCK	1
FLPIIAGAAAKVVQKIFCAISKKC	1
FLGWLFKWASK	1
KWARLWRWFRITRWLWYIK	1
KKLFKKILKWL	1
RAGLQFPVGRLLRRLLRRLLR	1
SVSNAATRVARTGRSRWRDVARNFMR	1
LVRGCWTKSYPPKPCFVR	1
GFWTTAAEGLKKFAKAGLASILNPK	1
RGGRLCYCRRRFCVCVGR	1
FVKLKKILNIILSIFKK	1
FLPIVGKLLSGLL	1
QCRRLCYKQRCVTYCRGR	1
KKKKKKALFALWLAFAA	1
ILGKLLSTWAGLLSNL	1
AKKVFKRLGIGAVLWVLTWG	1
FVRWFSRFLGRIL	1
TCGETCFGGTCNTPGCTCDPWPICTDRGLP	1
ILGIITSLLKSL	1
LRLKYRRFKYRV	1
VRRFAWWWAFLRR	1
GLGSLLGKAFKFGLKTVGKMMGGAPREE	1
VNWKKSLGKSIKVVK	1
FDLLGLVKSVVSAL	1
FFHHIFRPIVHVAKTIHRLVTG	1
CGESCVYIPCISGVIGCSCTDKVCYLNGTP	1
SRWRDVARNFMRRYQSRVIQGLVA	1
LKAKSIVSWAKKVL	1
ALWMTLLKKVLKAAAKAALDAVLVGANA	1
ILPWKWPFFPWRR	1
FWGALAKGALKLIVSLFSSFSKKD	1
LKKLLKWLKKL	1
SWKSFLKTFSSAKSTVLHTALKAISS	1
KRFKKFFKKLK	1
FLPLIGRALSGIL	1
KWKSFIKKLTSKFLHLAKKF	1
GIGAVLKVLTTGLPALISWI	1
FLPFLLSALPKVFCFFSKKC	1
KKKKKKAAFLAWALFAA	1
RGGRLCYCRGWICFCVGR	1
ILGKLLSTAAGLLSKL	1
KWKKLLKKLLKLLKKLL	1
KWLNALLHHGLNCAKGVLA	1
SWLRDIWDWECEVLSDFK	1
AKKVFKRLGIGAVLWVLTTG	1
KNLRRITRKIIHIIKKYG	1
GLLGPLLKIAAKVGSKLL	1
RLCYTRGRFTVCV	1
CGESCVWIPCISAVVGCSCKSKVCYKNGTLP	1
ILPLKLPWWPWRR	1
SWLRDLWDWLCELLSDFK	1
KLLKLLLKLLKLLLKLLLKLLK	1
KRFKKFFKKLKNSVKKRAKKFFKKPKVIGVTFPF	1
CGESCVWIPCISSAIGCSCKSKVCYRNGIP	1
RRWPWWPWKWPLI	1
RGGRLCYCRPRFCVCVGR	1
FLPLLLAGLPKLLCLFFKKC	1
GIWSSIKNLASKAWNSDIGQSLRNKAAGAINKFVADKIGVTPSQAAS	1
KWCFRVCYRGICYRRCR	1
KKKLFWKIPKFLHLAKKF	1
GLKEIFKAGLGSLVKGIAAHVAS	1
LKLFKKILKFL	1
IKIPAFVKDTLKKVAKGVISAVAGALTQ	1
FLPILAGLAANILPKVFCSITKKC	1
HFLGTLVNLAKKIL	1
FLGALLGPLMNLLQ	1
FLGWLFKWAKK	1
GLFGKLIKKFGRKAISYAVKKARGKH	1
WKLFKKIPKFLHLAKKF	1
LKKLLKKLLKW	1
KWKSFLKTFKSAVKTVLHTALKAISS	1
ILGKILEGIKSLF	1
ACYCRRRFCVCVGR	1
VFQFLGKIIKKVGNFVKGFSKVF	1
GLPALILWIKRKRQQ	1
ILPKKWPKLPWRR	1
GLGSLLGKAFKFGLKTVGKMMGGAPREQ	1
LNWGAILKHIIK	1
GILKKFMLHRGTKVYKMRTLSKRSH	1
FLKWLFKWAKK	1
FLWWLFKWAWK	1
FLPLIARVLSGIL	1
GFKDLLKKAAKALVKTVLF	1
GLPVCGETCVGGTCNTPGCNCSWPVCTRK	1
GILKTIKSIASKLKRKAK	1
GFMKYIGPLIPHAVKAISDLI	1
ILPWKWKFFPWRR	1
GRWKRWRKKWKKLWKKLS	1
KNWKGIAGMAKKLLGKNWELMEK	1
GIPCAESCVWIPCTVTALVGCSCSDKVCYN	1
KLLKLLLKLWKKLLKLLK	1
MAIVGTIIKIIKAIIDIFAK	1
GFGSLLGKALKIGTNLL	1
KWKKLLKKPLKLLKKLLK	1
FVQWFSKFLLRIL	1
KLKKLLKKWLKLLKKLLK	1
ALWMTLLKKVLKAAAK	1
VFQFLGKIIHHVGNFVHGFSHVF	1
GILDTIKNAAKTVAVGLLEKIKCKMTGC	1
FKLFKKIPKFLHLAKKF	1
FLPLVTMLLGKLF	1
KKLLKWLLKLL	1
GVLGTVKNLLIGAGKSAAQSVLKTLSCKLSNDC	1
RCYCRRRFCVCVGR	1
ALWDTLLKKVLKAAAKAALDAVLVGANA	1
VCGETCVGGTCNTPGCSCSRPVCTRNGLP	1
ALWMTLLKKVLK	1
LCYCRRRFCWCV	1
ILGKLLKTAAGLLSNL	1
FLRFIGSVIHGIGHLVHHIGVAL	1
LNWKAILKHIIK	1
SWLRDIWDWSCEVLSDFK	1
HFLLTLVKLAKKIL	1
RGGRLCYCRRRFCVCY	1
WFKKIPKFLHLLKKF	1
GILGKLWEGFKSIV	1
LLKWLLKWLLK	1
ALWKNMLKGIGKLAGKAALGAVKKLVGAES	1
GFMKYIGPLIPHAVKAIKKLI	1
FWGALAKGALKLIGVGSLFSSFSKKD	1
SWLRDIWDWLCEVLSDFK	1
KNWKGIAGMAKKLLGENWKLM	1
ALWMTLLKKVLKAAAKAALKAVLVGANA	1
KLLLKLWLKLLK	1
LCYCRRRFCVCV	1
VCYCRRRFCVCVGR	1
FKLFKKILKFL	1
GKVLDKFGKIVGKVLKQLKKVSAVAKV	1
SWLRDIWDWICELLSDFK	1
NNLLRAIEAQQHLLQLTVWGIKQLQARILAVERYLKDQ	1
KRAKKFFKKPK	1
FVQWFSKFLGKIL	1
KAKLFKKIPKFLHLWKKF	1
RGLRRLGRKIAHGVKKYGATVLRIIRIA	1
GIGAVLIVLTTGLPALISWIKRKRQQ	1
LCYCRRRFCVC	1
GFMKYIGPLIPHAVKAISKLI	1
GILNTIKSIASKLKRKAK	1
RIKRFWPVVIRTVVAGYNLYRAIKKK	1
KVAKQEKKKKKTGRAKRR	1
RGGRLCYCRRRFCVCL	1
GFMKYIKPLIPHAVKAISKLI	1
ALWMTLLKKVLKAAAKAALN	1
FLPVIAGAANFLPKLFCAISKKC	1
GILSSFKGVAKGVAKDLAGKLLETLKCKITGC	1
GLLGKLLKIAAKVGSNLL	1
GLMDTVKNAAKNLAGQLLDTIKCKMTGC	1
FAPLIGRVLSGIL	1
GIIKKIIKKIIKKIIKKI	1
FKIKPGKVLDKFGKIVGKVLKQLKKVSAVAKV	1
LNWGALLKHLLK	1
GLPVCGETCVGGTCNTPGCKCSWPVCTRN	1
ILPLKLPLLPLRR	1
CGESCVWIPCISSAIGCSCKNKVCYRNGIP	1
FFGWLIRGAIHAGKAIHGLIHRRRH	1
SWLRDIWDWACEVLSDFK	1
LCYCRRRFCYCV	1
HAEHKVKIKVKQKYGQFPQGTEVTYTCSGNYFLM	1
FLPILASLAAKFGPKLFCLVTKKC	1
GLMSLFRGVLKTAGKHIFKNVGGSLLDQAKCKITGEC	1
KWKLFKKIPKFLHLAKK	1
FVKLKKILNIINSIFKK	1
KKKKKKLLFAAWAAFAA	1
KFAKKFKWFAKAAFKFFKK	1
CKLLLKWLLKLLKC	1
AVGIGALFLGFLGAAGSTMGARS	1
QGWEAVAAAVASKIVGLWRNEKTELLGHECKFTVKPYLKRFQVYYKGRMWCPGWTAIRGEASTRSQSGVAGKTAKDFVRKAFQKGLLSQQEANQWLSS	1
GFFALIPKIISSPLFKTLLSAV	1
GRFKRFRKKFKKLFKKLSPVIPLLHLG	1
GLLSGILGAGKQKVCGLSGLC	1
KWKKFKKIGAVLKVL	1
HYRIKPTFRRLKWKYKGKFW	1
AGYLLGKINLKALAALAKKIL	1
ALWKTLLKKVLKA	1
FFGWLIKGAIHAGKAIHGLIHRRRH	1
RGGRLCYCRRRFCVCF	1
FFHHIFRAIVHVPKTIHRLVTG	1
FWGALAKGALKLIVGSLFSSFSKKD	1
LLPALISWIKRKRQQ	1
KWKKLLKKLLKLLKKLLKKLKKLLK	1
RGGRLCYCRRRFCVCI	1
LKLLKWLLKLL	1
ILPWKWPYLPWRR	1
RGGRLCYCRRRFCVCT	1
ALWKTLLKKVLKAAA	1
LCYCRRRFCVCVGR	1
GLPVCGETCVGGTCNTPGCTCSWPVCTRK	1
GFMDTAKNVAKNVAVTLLDNLKCKITKAC	1
KNWKGIAGMAKKLLGKNWELMKK	1
FVDLKKIANIINSIFGK	1
FKIKASKVLDKFGKIVGKVLKQLKKVSAVAKV	1
ILPKKKPWWPWRR	1
GLGSVFGRLARILGRVIPKV	1
LLLKLLKLLLKLLLKLLK	1
FKLGSFLKKAWKSKLAKKLRAKGKEMLKDYAKGLLEGGSEEVPGQ	1
KWKKLLKKLLKLPKKLLKKLKKLLK	1
FLSLALAALPKLFCLIFKKC	1
FVRWFSKFLGRIL	1
KKKKKKALFAAWAAFLA	1
ILGKLLKTAAKLLSNL	1
FLPLLLSALPSFLCLVFKKC	1
TQTVYEWCGVATQLLAAYILL	1
KLALKLALKALKAALKLA	1
FFHHIFRGIVHVAKTIHRLVTG	1
RLYRRLYRRLYRRLYRRLYRRLYRRLYRRLYR	1
LKLLKKLLKKLLKLL	1
GLLSKFGRLARKLARVIPKV	1
KIGAKIKIGAKIKIGAKI	1
KWKSFLKTFKSLKKTVLHTALKLISS	1
FLPAIAGILSQLF	1
GLPKCGETCVGGTCNTPGCTCSWPVCTRN	1
KLLKLLLKLLLKLLK	1
ILPWKWPWLPWKK	1
KWKKLLKKLLKLLKKLLKKLK	1
ILQKAVLDCLKAAGSSLSKAAITAIYNKIT	1
ALWKTLLKKVLKAAAKAALKAVLVGANA	1
KLLKLLLKLWLKLLKLLL	1
FLPVILPVIGKLLSGIL	1
KNWKKIAGMAKKLLKKNWKLM	1
SVSNAATRVCRTGRSRWRDVCRNFMR	1
ILGKLLSTAWGLLSNL	1
KKLLKWLKKLL	1
FLPLIGRVLAGIL	1
TSRCIFYRRKKCS	1
ILPWKWPLWPWRR	1
KWKEFLKTFKEAKKEVLHTALKAISS	1
LCYCRRRFCFCV	1
FLKWLFKWLKK	1
KWFKKIPKFLHLLKKF	1
FVQWFSRFLGRIL	1
KKLFKKILKYL	1
VNRKKILGKSIKVVK	1
KWKSFIKKLTSAAKKVVTTAKPLISS	1
RGGRLCYCRRRFCICV	1
GLSALISWIKRKRQQ	1
GLFGKSSVWGRKYYVDLAGCAKA	1
KLLKKLLKWLK	1
CGESCVFIPCVTALLGCSCKSKVCYKNSIP	1
IFGAIWKGISSLL	1
ILGKIWKGIKSLF	1
GLLGPLLKIAAKVGKNLL	1
LKLFKKILKYL	1
KWKSFLKKLTSAAKKVLTTALKPISS	1
KFKSFIKKLTSKFLHSAKKF	1
FKRLEKLFKKIWNWK	1
KWKLFKKISKFLHLAKKF	1
VNSKKISPKSIKVSK	1
GILSTFKGLAKGVAKDLAGNLLDKFKCKITGC	1
FLGWLFKWAWK	1
KWKKLLKKLLKLL	1
KWKLFKKIGIGAVLKVLTTG	1
VCGETCVGGTCNTPGCTCSWPVCTRDGLP	1
LKLASIVSWAKKVL	1
GFWGKLFKLGLHGIGLLHLHL	1
LLGDFFRKSKEKIGKEFKRIVQRIKDFLRNLVPRTES	1
GLFGKILGVGKKVLCGLSGMC	1
FLSTIWNGIKSLL	1
ALPLIGRVLSGIL	1
GIGKFLHAAKKFAKAFVAEIMNS	1
KWKKLLKKLLPLLKKLLK	1
FFRRFFRRFFRRFFRR	1
ILGKILKGIKKLF	1
KWKSFLKTFKSAAKTVLHTALKAISS	1
ILPWKWKWWPWRR	1
FWGALAKGALKLIPSLFSSFSKKD	1
RRWPLKPWKKPLI	1
GLMSLFKGVLKTAGKHIFKNVGGSLLDQAKCKITGEC	1
RWCVYAYVRVAGVLVRYRRCW	1
FIHHIFRGIVHAGRSIGRFLTG	1
FLPLLAGLAANFLPKIFCKITRKC	1
FFHHIFRAIVHVAKTIHRLVTG	1
GLWSKIKTAGKSVAKAAAKAAVKAVTNAV	1
FLPILGKLLSGIL	1
GLPVCGETCTLGTCYTQGCTCSWPICKRN	1
MAQDIISTIGDLVKWIIDTVNKFPKK	1
FIKRIARLLRKIF	1
FFHHIFRGIVHVGKTIHRLVTG	1
GKVWDWIKSTAKKLWNSEPVKELKNTALNAAKNLVAEKIGATPS	1
LKKLLKWLLKLLK	1
FVQWFSKFLGRIL	1
GFFGKMKEYFKKFGASFKRRFANLKKRL	1
GLMSVLKGVLKTAGKHIFKNVGGSLLDQAKCKITGQC	1
FLPLIGRVLSGIL	1
KWKSFIKKLASKFLHSAKKF	1
LLKKLLKWLKK	1
ALWMTLLKKVLKAAAKAALNAVLVGANA	1
GWGSFFKKAAHVAKHVAKAALTHYL	1
GLLGKILGVEKKVLCGLSGMC	1
ICYCRRRFCVCVGR	1
KNWKGIAGMAKKLLGENWELM	1
GFGSLFKFLAKKVAKTVAKQAAKQGAKYVANKHME	1
RGGRLCYCRRRFCVCV	1
GLGSVFGRLARILGRVIPKVAKKLGPKVAKVLPKVMKEAIPMAVEMAKSQEEQQPQ	1
ILPWKWPWLPYRR	1
ILGKLLSTAAGLLKNL	1
KKKKKKAAFALWAAFAA	1
KLLLKLLKLLLKLLLKLLK	1
KWLRRVWRWWR	1
CGESCVYIPCLTSAIGCSCKSKVCYRNGIP	1
FLPILAGLAAKIVPKLFCLATKKC	1
CFKFKFKFGSGFKFKFKFC	1
FKRLKKLFKKIWNWK	1
KWKLFKKIPFLHLAKKF	1
HALWKNMLKGIGKLAGKAALGAVKKLVGAES	1
GWGSFFKKAAAVGKAVGKAALTAYL	1
KWAKKWKWFAKAAWKWYKK	1
FLGSIVGALASALPSLISKIRN	1
WKKVFKRLEKLFSKIWNWK	1
ALWDTLLKKVLKAAAKAALNAVLVGANA	1
FLPILASLAAKLGPKLFCLVTKKC	1
CGESCVWIPCISAAVGCSCKSKVCYKNGTLP	1
ILKKLLSTAAGLLSNL	1
LNLKGIFKKVASLLT	1
RGGRLCYCRRRFCVCW	1
IWRIFRRIFRIFIRF	1
GWGSFFKKAAHVAKHVGKAALTHYL	1
FFHHIFRGIVHVGKTIHKLVTG	1
VGTIIKIIKAIIDIFAK	1
GLGSVFGRLARIGRVIPKV	1
FLPWFSKFLGRIL	1
KKKKKKAAFALWLAFAA	1
GILKTIKSIASKVANTVQKLKRKAKNAVA	1
AWASFFKKAAHVAKHVAKAALTHYL	1
ILGKLLSTAWGLLSKL	1
ALWKTLLKKVLKAAAKAALNAVLVGANA	1
ILPWKWPWWPLRR	1
ALWKTLLKKVLKAAAK	1
AAAKAALNAVLVGANA	1
FLPLIGRVLSAIL	1
FLPKMSTKLRVPYRRGTKDYH	1
TLLKKVLKAAAKAALNAVLVGANA	1
VRRFPWWWPFLRR	1
SWLRDIWDWVCEVLSDFK	1
FLPIIGKLLSGLL	1
GASLSFKILKTVLEALGNV	1
FLPAIGRVLSGIL	1
LKWLLKWLK	1
VSWKKSLGKIIKVVK	1
RRWCFRVCYRGFCYRKCR	1
GIGAILKVLATGLPTLISWI	1
KNLRRIIRKIIHIIKKYG	1
KKLFKKILKVL	1
KKFLHSAKKWLKAFVKLKKNW	1
GFLGPLLKLGLKGVAKVIPHLIPSRQQ	1
CGESCVFIPCISTLLGCSCKNKVCYRNGVIP	1
KFKLKQ	1
LRLQYRRFQYRV	1
KNWKGIAGMAKKLLGKNWKLMKK	1
KKLLKKLLKWL	1
SLLSLIRKLIT	1
FRWCFRVCYKGRCRYKCR	1
LNWGAWLKHWWK	1
GILKTIKSIASKVANTVQKLKRKAKNAV	1
ILPWKLPWWPWRR	1
GLFPKFNKKKVKTGIFDIIKTVGKEAGMDVLRTGIDVIGCKIKGEC	1
SWLRDIWDWKCEVLSDFK	1
WCYCRRRFCVCVGR	1
IWRIFRRIF	1
LCYCRRFRCVCV	1
KLLLKLLLK	1
AAGLAMLFLGILSAAGSTMGARA	1
CAESCVYIPCTVTALLGCSCSNRVCYNGIP	1
GWGSFFKKAAHVGKHVAKAALTHYL	1
GLLSGILGAGKHIICGLSGLC	1
FLGLLFHGVHHVGKWIHGLIHGHH	1
KLLLK	1
GIGAVLKVLTTGLPALISWIKRKRQQ	1
FSISPGKVLDKFGKIVGKVLKQLKKVSAVAKV	1
KWKSFIKKLLSKFLHSAKKF	1
GRFKRFRKKFKKLFKKLSPVIPLLHL	1
GIMRVFKGVLKTAGKSVAKNVAGSFLDRLKCKISGGC	1
FFHHIFRAIVHVGKTIHRLVTG	1
TKTTRNSPDSISIP	0
QRHPFKPKLHHID	0
KIPVVAAIHGACLGGGLELALACHQRV	0
NELPEPEQDNGGATESVKEQEMKW	0
YQIDQLSKMTYKNKSLNIHDLTA	0
VVNLWALHHNEKEWQQPDLFMPERFLDP	0
GKEAQLRQLNELVRNL	0
GVRYKITLTDNSVIEV	0
LSLLKRGRSLCDYLVL	0
TCSKKKADRKSF	0
TKLYSYQGKYYLN	0
RGTFTEARDFNLMFKTSHGASAEDSL	0
FEQTGGPDLTTGSGKRTKSDRVEHKHASQ	0
LVNPAKTLSKADLEANGMA	0
HKTFATPHGGGGPGAGPVAVNDK	0
DGQDPTELYELVLSEIEHP	0
GTPSGVWENPPSAKQPSKMLVIKKISKEDPAAAFSAAFTSSGSHHANGNKVSTMVPSVYKNLVPKPAPPPSKPN	0
SQDSDLLELYCGN	0
LMVKQINRMKKEAPAPVAA	0
YVGRDEAEVRAKNNLGPEV	0
GTSNSTVNALGLGLATML	0
LASNDGGWVTGKVIGIDGG	0
YKFEVTAVSDDGKSTAST	0
RLQSIAEVSYEFIASTLQ	0
PYRDY	0
VEYDSFLDENDWDI	0
DIDTGKSFTKQIPS	0
MSKSLGNVILPADVVKNL	0
KTYDKRESIAKKDQERNL	0
GCFAAGTRRPNNDYTL	0
GKDYPIVRIDPKKDTAIIPFSSGTTGLFKGVCLS	0
YAGKNCPNGEVL	0
VQRELLDAAIAAK	0
VTVLTDT	0
CTYDADTLSKDPADGR	0
RTNIESSIDFSE	0
FGGTASGPMPLISMLLDINEVLNNKAGGRLTSVDAADICNLIGKAVV	0
SECEMRYQDCGEASSCTALIEECKTSL	0
MVHEELNNKPYVINDLVGA	0
AQSIPHDSPAHGEGTHCEEEGFAEDD	0
KRRKKDDISLEELFQSLPREKDYFMMDA	0
GKVI	0
RAFDHYWPRFGV	0
APAVAFDHLDDMHQAFLQ	0
APQLADLRMIAESVEIPVFAQHIDPIKPG	0
QSQHYMQKAKEAGFKVKIHADEIDPLGGLELAIDEQAISADHLVASSDKGKEKLRNSDTV	0
DLVKRSIKARGLVLDIDKLIYLDDKRKKLITKIGELNAKRNENSSKMQEN	0
VDSAKIGAKTLSN	0
DENGVDAELIERERAV	0
TTCRGYGPDFGLPALRQKLSED	0
TEQINGLRRELFQLRFQQATRQLANTH	0
ILAELFRFGKALIIDGKI	0
VLLFERELHTVHGYPSTFASCMHI	0
AFKIAASLALKE	0
HGDLFTPAADLVLTSPA	0
PTLISRLADRFGVQAIVVGIDSWFEQETG	0
NPIGGNDLSLNA	0
KYDHLKDKAVVTYCTGGVRCEVLSSL	0
PRALLFISYAANQAVLAA	0
LSVMHSEKLHVDPDNFRLLADCITVCVAAKLG	0
EERRGIHQDAPEFADQSTEAEVLV	0
AVQQLSLAPGE	0
SNPLELDKRSAELDTATWQ	0
MNNWSIKFSEYKFGDPYLHNTIGSKL	0
LHNFNSKIQAVVQHSGVK	0
GNFTDKDPCAICSNPNRNKSIIC	0
PEEERRKWEEGRIDYMGKDAF	0
VEVPDKPMYVKTHKGD	0
IGVAFAHAIFWSITASLAIRMAPAGKRAQ	0
NDKTTVIALREI	0
LSQLSTLLFQA	0
LVHILSQMEDKGIRSAMI	0
IDNKIAGERLTRLQTRHT	0
LNSNIDKIPFHPYF	0
PTQVKIWFQNH	0
DGSQDSPIFMYAPEFKFM	0
YLNRGHMLRAHTSAHQWDLLHAGLNA	0
FCHELPHELGDFAVLLKAGMS	0
ERRAKKSELVAATYAKRFAAKEACSKALGTG	0
ANCAGLKVGVGGNIGYPV	0
SAPGLKIHAKLFLISRLENDEIVRYAHIGTGNFNEKTARIYTDYSLLTADARITNEV	0
RYGENPHQSGAFYRDVHPQPGTLATFKQL	0
VAVTRHGGTMADSGSVAYLFERKGVVE	0
RQIWKFECKATVDGKAVCSAE	0
KYIQCWSQDSTETGYVNIKEL	0
IQELSCVARDTKLGAEEITADIPNVGESA	0
RLPKLKGFRNRFRTEYEIVNVGDINRLFPQGGS	0
LVQLGKLHENVLD	0
RNGPTLLSIALL	0
SADEKAALQKAQS	0
LRADVALTTASVTLPSDGE	0
ERSTFRELLKITGIGARM	0
LQRVLNVGLLLLAAILIVFLV	0
ESEEERMKFFREYGLKYELEKLRVDLEN	0
NNHEHKQPLPSLAIAAIGVVFGD	0
QVHSSARAPLSRS	0
HIDEVVRRIALARFDV	0
VGVHVIGDGADEMLQGFAVAV	0
TIQTFGDAVKFISE	0
DSYWYLVGLASWS	0
LQKKNEQKKRPKPILLKIAPDLTDEQLM	0
IQQETGGITELIPLPFMSKNNELGRYAK	0
DATVVYGVNQHLL	0
PKEIVLMLCQAFGIIYPSFHSFI	0
ADLDEKKHCDGDT	0
VKRIIETEHFRVERVIGRYDKMIKIT	0
AAALRGDKQSQSAT	0
CFYSCTWQDYPDKKSLYEKAT	0
RAPSMIDEFPILS	0
TLGIIFFAIFFREPPRIS	0
MVIKKPIEVRDGNKFVRLTPTKEP	0
QALSSGATVEQARQELVAKIGENIKLR	0
KNQEAFVNLGVVLNTAMTGQESEK	0
HIMSEKEIMGEANCQFIVKLFKTFKDKK	0
RSAGSNIDLGVPFYPLVAI	0
FKPLHELNPVRLG	0
FREREQAMIAELCE	0
RKEKAIPVDVA	0
DPFRQGSGRPFS	0
EKQFRNTFKIARKKSGNTAENL	0
YATQLNPAFYSVEVRITV	0
NDAEIAARLERAAHYPPFNCHTVNND	0
TQSEYYNHAIDWQTGPG	0
IPSIKLPIRLHP	0
GPARYVHVAETGGKLG	0
DGVRYSPLRIVQELNAAAGAHG	0
TFRQKGTEEFV	0
WRDWLAQKDGLD	0
NQGPCYDSSAVSSD	0
DQEEALTMSDT	0
EINRPIKMMLSQISPDIV	0
SCQALILAPTRELAQQIQ	0
SDTFREQLPMAVDMLQH	0
PVVAGLVYLLF	0
TMMADWANDDVNLFGWREE	0
RGISMDADYVFDVR	0
NNKFNHFIMTKLAEAGIPTQMERLLSD	0
EKIFQNPTDEEST	0
NLPASAQTLFKAKADKKLSFEQIAQHIGRNEVAAAALFYGQAKASPEDIVKLSE	0
TRVLLTVLIAFTKKETS	0
GRVAGVDEVGRGPLAGPVVAAAV	0
TDTILNQKGQNVI	0
RAHLDDYVIGQDHAKK	0
PVSLTSSLVFLM	0
FTSESVSEGHPDKIADQISDAVLDAILEQ	0
EGQALVEAILEQDD	0
GVYPSHWRVNGQVLQQI	0
YSMGVREQIIFPEIDY	0
RFDLVLVAARRARQMQSGGKDALVPE	0
DALRGAMLSKDPTTGETH	0
NLMSSVLPDGTTTC	0
GKTLVSRTQGTKIASE	0
AKLDDGQYDAIVLASAGLKRLGLISRIRH	0
VDRDDDLKIGVKSTAVLF	0
ERQVQELAFPGSAQDVERLLKKQR	0
ISVEDIKNTLGNTDIIKN	0
KCIQQNITQYPIRYNEIDK	0
VDLTLDEKGENGVGELSSEYNRLQEKFEE	0
AVDQPAVEATAPIEPVQATPAQRFPTLRYLGQV	0
RAANKFPAIIYGGKEAPLAIELDHDKVMNMQ	0
EEPQEGGEEEEEEEEE	0
KKIALIGSGMIGGTLAHIIGLKEL	0
VGIGEAPDAADFKDEGSHTLRHTLEG	0
AKQIAQPLHLGITEAGGARAGSV	0
AINDLLDAEYMA	0
VYLDGTELDFVKEGLNEGFKFNNPNVSNECGC	0
KAEVNCIGGKCPEGKKNCNCMPPIAHV	0
IVCPLIQNDGAYLLCKMADDRGVFPGQW	0
EWAMKAKGIDNNNGSGER	0
RFNILQGTSFE	0
LALTLAPCAQAAEPIEGKTVYIDAGHGG	0
DLVIGAINDAMARAQQLAAER	0
EVVQAAKGKAL	0
FAEVPKLCGHIHLPAQSGSDAVLARM	0
IIDLIKMKAEIYTNDLG	0
DHIADVLPSEARHIEELRRGLLDTARSYGYELVMPPLLEHLESLLT	0
LLSCVLSDQYCP	0
STAGIAEHLPAV	0
VSQEDRKSYNWKQR	0
IYDEAGSLTRHLKDAFADGVDNLILDGEMITWNTEQDAPEPFGTLKTAALSEQR	0
MCILLPIIGIGI	0
KVELLPENSEFKPIVV	0
HGLKQLPGLAVQRLMQQGYGFAG	0
WLLEYAPSRLTGTGACVFAEFDTE	0
ISVMIEVYGRSKEHDDCACDGETCTV	0
TARSTKTGTAYTFFTP	0
GIAGGLRQVAGLTDPVG	0
ALPVSAIGFEGFEKRLEI	0
KMVADMGYDINIVGVPTVRAKDGLALSSRNGYLTEEERQIAPQLSKIMWALAEKMALGERQIDALLEEAAAQLLRVGFTPD	0
VRRALLSVSDKAGI	0
REISTITPRFTVVEKDPKLASFIRNEYP	0
SAKARRGGKKTFNPKKR	0
SKREIKNLRELKIPWLRILPYIVD	0
DLRNIAQLGYDESEDQEELEM	0
DYMKKLVTRLEENNPSEVEVFKTNINK	0
FNIVEHEYF	0
DLLKVHSRVQFFRKLE	0
YGKLLKQQVFELPP	0
LNETLEERAHLCFSAVDCLEVL	0
TLEERLGSLTSI	0
MKDRRGQVIYVGKAINLRS	0
FAGPLGVLQPLA	0
IITNIRADDIINTANKIFSGTTTLAIIGP	0
SSRALVLDRDGQVK	0
MTDKYKERRFDTYGYEK	0
IPILKDVDAFQTE	0
RHAPWVNNIYLITNGQRPKWLNVN	0
FEVGTKPVTQTPQA	0
YKCPMMKRIPQAKLYED	0
PSVVAWALIVGGVLMWLLESRKATPD	0
KMEDIVASIKAGYECGKKHNIIVLAE	0
FTAPTRRQVLSLYKEFIKNANQFNNYNFR	0
MVCVIASKSKSDGLKFEITKKIPISKCKLKALPGDMVSVHYTGSLAENGKVFDSSLRRNEPIQFKLGAGQVIAG	0
RLEEFNA	0
LSLALSQIYSDE	0
SINDLSRDDLNLVLATAAK	0
AKYPIKPIKLDVENKQVVGDLYNGLYRKRQL	0
TEQRNPNSMNIDQ	0
QGLEDSKRSKSLLPDHTSD	0
PRQLTHDAGLTVDDIAKRLMDYG	0
YVEMSAKEHEFACE	0
TKKEAVVKTSSSPKKKVSQAKK	0
FSALFGMEKSIFRQLKIY	0
GQYGMPGNYQSMSSQSGQHQGN	0
SPVILRHSSVRGESVFTAHPDSHK	0
FFLGTINLSLCEE	0
VKWMLESLAIARYM	0
RIIKCGYRDGDNAPMAIV	0
KSIETEVFLLLKIL	0
YSINNDGITLHL	0
TDIEKYCELMFD	0
TAAFIDLSGPKDEVSAALDRVMSDEIVLD	0
VITVLTADFAQPNGYGRIVKDGDGFIKRIVEE	0
VEVLAYGVCLTAEQVFIDRRL	0
LLTRDDVMDGVPEMIPD	0
HGAPEQAYGIIAASGENGATLHYMKNNE	0
IGGVLTGLGLPPQTIGE	0
KSKPKFYALDMF	0
DYGNHPLPRLQDYQQQGAQVLHLVDLT	0
NPYGRAQILRFMMKTWQLVKKYRVPRFIT	0
GADEKFLERVEEEELTVDGLPE	0
HLLYLYRSFTSQTYMDSSTVHLFVTIIS	0
KIVVEAFDDPDVKNVTCYVSRAKTGGI	0
RTKDNNLLGKF	0
RVPLADKPHEKTM	0
LEIEGAMALLMKDAIKPNL	0
VTRAKQIVWNGPV	0
GDKIRALHMILEM	0
LVEPLQLCHESLHACGMGVIAD	0
LANTVRVTLGPKGHPVALERKWGA	0
AGVEQVVILGESK	0
ASQTDMLDDPDQ	0
MGLELGFRELGEV	0
EDVPGDDTCYYAFIAYPIDLFEEGSVVNVFTSLVGNVFGFKAVRALRLEDLR	0
YWHAFAREKGVQNVHTR	0
LEIMLFGDEKK	0
SNYWEALGKVECP	0
NDILPGEVEKWQFLEQL	0
PTLIVYTIIVPEIRKELQRLVDMWDIPA	0
ARAVAGSDLSRRIELDGP	0
GLVAAVSVGIVKGEALCDLEYVEDSAAE	0
SIISYMNIDPMKSSFFLIFSLLFSMP	0
IYAYDAKIEIQTLTGLFKGDKCHSLVG	0
ITEPDILASLDELIGRWAKEREAG	0
LKAAKISKGSQ	0
MSWVRQAPGKG	0
GSPVILESLFIPEPVISV	0
SSGNEENKKEEDSDEI	0
YERSLAVITAARDYGLVTKSNLILGM	0
LTKWQRGYERAITE	0
ARNEDKQGKGA	0
AKGGNGGFGNAYF	0
ACGLIILQITVGYRLLLLLLL	0
SGGLSGAPVFEKSTECLRLFAQ	0
MQGTVLDTLPNTM	0
LTALLLLLLLQ	0
QYPDAFLFFRLGDFYEMFFDDAIKAAQELEITLTSRDGGGEERVPMCGVPYHSAQGYIEQL	0
HSGTFSPQTPVPAT	0
FLPGHACPAASLAAFSPYLPGDPG	0
AIKQGAARALCELSPDNR	0
DYLRQQADVAIQQE	0
SDSGTAIFLMHG	0
EYTVKSHRVHKG	0
QLMVTSHQHLLEPEEGTWLNI	0
AIDLNASGHPEF	0
VESFDQFVILLKNTVSQMVYKHAISTV	0
RAAGQLLVPPRPR	0
EGLSSPIFEDHIQT	0
WMGLDIGPDAVKVFQDALGDC	0
KIIINRQEPLHQ	0
ASSISQKAAVAALGLGYAG	0
RRKDTPYTAEQRE	0
LTKEEAIKTAMTLWKEI	0
LNTNENPYPPSPKVLQA	0
LVSREVIADCIEACACGQSMDGLLVVG	0
STLASEGSYGEKGVESFTQISKEAGGLCIAQS	0
GYYGDVTEKQFRRSYDDASKLKGDTSQ	0
HKKSGKGTAMAYDQIDGAPEERERGIT	0
VSCTYCAYNCG	0
SSYTANLAAFLTVQRMEVP	0
EILLAPFKDAGKKFVHL	0
YAKILSERAAVDASYI	0
GVLSVTVPAKKVD	0
EIKGAIRKLTIASEIYPVLCGSAFKNKGVQPMLDAVVDYLPSPLDVPPAIGHAPAKEDEEVVRKATTDEPFAA	0
LGAGLEVVDLG	0
LLPYIAEHWLGLPATRVVP	0
ICFTCLPIKLQ	0
AIAQFESIGRI	0
MVAWSHVTVGGKPILQILEEQKERFGE	0
LNKLLGSVVISQGGVLPHIMAEL	0
RGLPVRGQRTKTNARTRKGPKRTVAGKK	0
FSAQLEKEYKVKINPASMFDV	0
PVHMTTAVFFDFG	0
VSDECRGKQLGKL	0
NFIVCISAQQNSPKIHEGWWAY	0
KFGKSTGGGNLWLDPE	0
RTNVEPEWMVLRLLPVLPPELRPI	0
QAGFFLLTRILTIPQS	0
QSGEETERCFCGTPPHCKAAELV	0
GQPLDINMAGEPK	0
MQGVSLAGKELERGREAPENSPWISGQT	0
KRFKRTGNGGLKR	0
APFEVVFVSADGSSQEMLD	0
GLTRSRQILAKTGINPD	0
IDVLDETAHKKAIRSVAWRPHTSLLA	0
NRDAKKLQDYGDITYHSKKHR	0
SLPDEDVADIQHTEEFLIKPESRVAQLDTSQWPLLLKNFDKLNVLTTHYTPLPSGANPLKREISDYVRSGFINLDKPSNPSSHEVV	0
RRQAAEMGLTVLDA	0
HTADVILPAQTGRALAQT	0
HSSGTVILDQLGEEHMKTGKPIFYTSADSVFQIA	0
LDTQMFGLQKEVDFAVQL	0
LLLTTNSPFFRGGDTGYASWRTTLWSRWPAAGPPPVLTSARHYHYVVDCLLASGAVLDSGMLYWYARPSHRVPTLEVR	0
DIALLTTFRTKGE	0
KGVHCHIGSQIEGTEAFIETAKI	0
CTGGQHRSVYLVEQLAARFEG	0
VGMHDKLFKRARVMYEIERDIS	0
ATLSIEENVKVIEKTVEFAKGRIPIIAGAGANAT	0
YVFQDARLFAYMSVKRNLTYARWAGHR	0
AIRITHLPTGIVVECQDERSQHKN	0
LTKTSRELDGIKVN	0
FSLDGKGPYDDPNV	0
AVVMPQAASLYAMIVEFR	0
NYIRRDIYEVTRLTASAGVSYNKF	0
EKDFQQILIIRRMVEDLAF	0
AAKFLNLEAITWANTRDTLGKHAI	0
VIMESSAYLIA	0
ICEQVGDPATSKGP	0
AAEQAVARERSSARERAAPAYKEDHPY	0
LREDKVEFSLSIEAIKK	0
FGMNLGNRRKATRVPDLSRYDYHYNGSGGNSV	0
SFISGADVCFVKWYPSEQY	0
EKNRYRAEELAEERILDVLIPPAKNNWG	0
LNPINYSVLAGLIPKNYPGRVHEIVAILIQE	0
LLYLFLAILLAIEEPVISG	0
HADSSANMLGKTQSRLLIWTKNSAFEE	0
ALREKFAFPVVGVVPA	0
TDQLQALGIKVFGPTKAGAELEASKSW	0
ASVAKSPQTKEHLYHAA	0
TRLESGDLPLEE	0
SRLKATQSQVF	0
TVYVSNEFNFLN	0
VREAGDLALWVPSLAALLLTAAAFQIPRR	0
GGEIPDDPEEFEELMTGFY	0
ANAIEFDVDFDDDGVAKY	0
ESFQNALKTPSKKFINIGLKDEHGNFKQL	0
AVYLRIGALAGVVADALRFSFA	0
DALDSWLAEMKQELGPH	0
QQRDKFDLLQT	0
QVDPDFRSALKRAGLLT	0
LPDTIGNLSSLSRLGLRYNRLSAVPR	0
VVIGVSIATGLGLKAF	0
QRAVYKDLVLLLQKDSLL	0
DKYRVLAGNDGTVSYLSLLDQL	0
IGMGERTSHQAIGQVARALFAKGAAQRV	0
ACGVPVVRNVALARSIYRNSPRRYSFVSHDDIDGVMRVLIWLGEV	0
VILLVVVTCGAFM	0
TYDNIKAMKKQLRSIGLSLDWSR	0
YVNEQLAFTGDTLFSGGCGRLFEGSAE	0
TERAVPVCGHLG	0
CGLGFKAFWEEETGFHYDLFDKIDPKLS	0
VTVLLKALGWTTEQ	0
RGTDARIDKTDRVGAAER	0
PVDLHITGLEQLG	0
NFLHNLPFYGRAVM	0
EAGLAALRAERAKNDRMSGREL	0
SRNNSSSNSGST	0
HLAVVWNIAGVALEDVLQE	0
NHQNEHGWTALMIASV	0
DYELIVLLGLDPSVKRYMMYHQGCFAGGT	0
SKWVGDAEKIVRAL	0
WAITFLIIAIVAAVLGFGGIAGTATG	0
RSSSQRSPSPGPNHTSNSSNA	0
SLCRTDHLCRSRL	0
YNGIRDMKKLPDVIWIVDTVREKI	0
HDVLYEPPVGITIAVPKPT	0
VVKPGRILYEIGG	0
VGLGSGSTAREF	0
SVEDALAILKYAPQAASEPVAKVVASAA	0
EYNPGDGAFYGPKLDFVVKDA	0
FTDSIAIGLIVLPNDLEHD	0
CDQLGLTLLNFHPGSHLQQVSEEACLAT	0
DIRFVTPLVNQKRREQFEQALKA	0
RDGRMHFTVIREGRAPLAVVLNLPGL	0
DVTSLMLGPMVAACGGYVPMIS	0
RIVVVDLHNPSIQGFFNIPVD	0
NVFREPNVATECRSNCF	0
VGHNAHFDLNFLNA	0
AVIELVDFAEAPAAAPKAA	0
VEPPENPLFVLSDHHDFTDEE	0
EPLKPHEVLSRLNRMGGDNGIGRLDIVENRYVGMKSRGCYETPGGTIMLRAHRAIESLTLDREAAHLKDELMP	0
RTYLKKVVAAIEAGDAETA	0
IDSESDIDDSETDDEEELENPIK	0
HQPESLDWFNVLIAQTIAQYRQTAYILKDSPTSS	0
LSLLIAQIKNQDPTDPIKNSDLTSQLAQI	0
LKDGMDLYKTAMQELVLAQ	0
AINALQAASATGD	0
IAEDFVIFSTPNFGYI	0
VARNELRAIPYVGM	0
ADERREFAVSMLRD	0
AMVVGPIGMYFITVNSGASSTVA	0
THSDYNTYSAQACA	0
NPCPILMFSSLTHEGATA	0
KQHISSRRHKDRASGKPPKPKY	0
NPVAMAAGLKTLEIISRPGFYDELTRKTRVM	0
GSMRKVLVWQNLDSPRAIV	0
RKRTEFAGAKFKESKVFEANEEAL	0
VTQDLSENIILTTVDDLHNWARLSSLWPLLYG	0
SHGLEFINLSTEGENEYKEKQG	0
NGQPRVGQWVL	0
VRDREMFGYMKLHPED	0
PNLSGFVSWKMALSISVGVLV	0
LCAYVTHLPVDNYQTDAAV	0
SPSSTEKGKETLRS	0
AFCHTRTNDYKSDKPSGKYASSTLIRKMIFEG	0
TSRTRVRRSGISPLHLAAERN	0
HALSLHHVCYPKPYNW	0
ISDKISAAMLYVPR	0
EAAIRS	0
EDLGISAPKSKEMKSTKSFPRQ	0
KQYQHEEDEDFYPDSMEYS	0
NEKGVNPQSIL	0
QDMDKDIGNCYLM	0